,apoe_genotype,apoe_4,sex
80000001,33,0,Male
80000002,33,0,Male
80000003,33,0,Male
80000004,33,0,Male
80000005,34,1,Female
80000006,23,0,Male
80000007,34,1,Female
80000008,44,1,Female
80000009,33,0,Male
80000010,33,0,Female
80000011,34,1,Female
80000012,33,0,Male
80000013,33,0,Male
80000014,34,1,Female
80000015,34,1,Female
80000016,33,0,Female
80000017,23,0,Male
80000018,33,0,Female
80000019,34,1,Male
80000020,23,0,Male
80000021,34,1,Female
80000022,33,0,Male
80000023,23,0,Female
80000024,33,0,Male
80000025,34,1,Female
80000026,33,0,Female
80000027,34,1,Male
80000028,34,1,Female
80000029,34,1,Female
80000030,33,0,Female
80000031,23,0,Male
80000032,33,0,Female
80000033,23,0,Male
80000034,33,0,Male
80000035,34,1,Male
80000036,33,0,Female
80000037,34,1,Female
80000038,33,0,Male
80000039,33,0,Female
80000040,33,0,Female
80000041,34,1,Male
80000042,33,0,Male
80000043,33,0,Female
80000044,44,1,Female
80000045,33,0,Male
80000046,33,0,Male
80000047,33,0,Female
80000048,34,1,Male
80000049,33,0,Male
80000050,33,0,Male
80000051,34,1,Male
80000052,33,0,Female
80000053,34,1,Female
80000054,34,1,Male
80000055,33,0,Female
80000056,34,1,Male
80000057,23,0,Male
80000058,34,1,Female
80000059,34,1,Female
80000060,33,0,Female
80000061,33,0,Male
80000062,33,0,Female
80000063,33,0,Male
80000064,33,0,Female
80000065,23,0,Male
80000066,33,0,Female
80000067,33,0,Male
80000068,33,0,Male
80000069,34,1,Male
80000070,33,0,Male
80000071,33,0,Male
80000072,33,0,Female
80000073,33,0,Female
80000074,33,0,Female
80000075,44,1,Male
80000076,33,0,Female
80000077,33,0,Female
80000078,34,1,Female
80000079,44,1,Male
80000080,34,1,Female
80000081,34,1,Female
80000082,34,1,Female
80000083,34,1,Female
80000084,34,1,Female
80000085,33,0,Female
80000086,33,0,Female
80000087,33,0,Male
80000088,33,0,Male
80000089,33,0,Female
80000090,33,0,Male
80000091,34,1,Female
80000092,34,1,Female
80000093,34,1,Female
80000094,33,0,Male
80000095,34,1,Male
80000096,33,0,Male
80000097,33,0,Male
80000098,33,0,Female
80000099,23,0,Male
80000100,33,0,Female
80000101,23,0,Male
80000102,34,1,Male
80000103,33,0,Male
80000104,33,0,Male
80000105,33,0,Female
80000106,34,1,Male
80000107,33,0,Male
80000108,33,0,Male
80000109,33,0,Male
80000110,33,0,Male
80000111,33,0,Male
80000112,23,0,Female
80000113,34,1,Female
80000114,34,1,Male
80000115,33,0,Female
80000116,34,1,Male
80000117,34,1,Female
80000118,34,1,Female
80000119,33,0,Male
80000120,34,1,Female
