,80000001,80000002,80000003,80000004,80000005,80000006,80000007,80000008,80000009,80000010,80000011,80000012,80000013,80000014,80000015,80000016,80000017,80000018,80000019,80000020,80000021,80000022,80000023,80000024,80000025,80000026,80000027,80000028,80000029,80000030,80000031,80000032,80000033,80000034,80000035,80000036,80000037,80000038,80000039,80000040,80000041,80000042,80000043,80000044,80000045,80000046,80000047,80000048,80000049,80000050,80000051,80000052,80000053,80000054,80000055,80000056,80000057,80000058,80000059,80000060,80000061,80000062,80000063,80000064,80000065,80000066,80000067,80000068,80000069,80000070,80000071,80000072,80000073,80000074,80000075,80000076,80000077,80000078,80000079,80000080,80000081,80000082,80000083,80000084,80000085,80000086,80000087,80000088,80000089,80000090,80000091,80000092,80000093,80000094,80000095,80000096,80000097,80000098,80000099,80000100,80000101,80000102,80000103,80000104,80000105,80000106,80000107,80000108,80000109,80000110,80000111,80000112,80000113,80000114,80000115,80000116,80000117,80000118,80000119,80000120
SLC38A2,0.026816790651041124,0.16268355623118277,0.5056247520460466,-0.14995664223640365,-0.04422937255985526,-0.2171708673224422,-0.27235899860370494,0.6691273123121906,1.6172568083444205,-1.2695546578532682,0.9391326604215788,-0.27914431916063853,-0.22526645853700067,0.2676948897168683,1.011771605398995,-0.2484149372010486,-1.0110521929192438,-0.06660793655029852,-0.5659092039009425,-0.6014517992576054,-0.5276673448518676,-0.24961134529537943,-0.6102993422438519,1.48050856870455,2.18319390549441,1.2367091965415822,-0.363403737602061,0.14759911650056104,-0.5533235971857156,0.0006122439539524875,0.5185197975592122,-0.3021369955916232,-0.4383980488281938,-0.753626279112774,-0.09765272220130294,-0.9595459982561791,1.4045713931662371,-0.7180319073031673,0.1501672795924169,0.3373679663255534,0.6708885110180581,-1.1354268337512583,-1.0038741493546346,2.3559179152271157,1.3083425897001784,-2.6052890293146964,-0.6320914026460676,1.6673612952298136,0.370868094387808,0.3444087356208987,0.8175300228640564,-1.3652917244947673,-0.8907478785939184,0.08878830929544773,0.22029205969517007,2.31062008930061,0.13237157048847842,0.6320770191004093,0.026182169844420677,1.898092212216046,-0.1460882042463421,0.18112091488175516,1.473762543179793,1.3589030744557256,1.3505720513707382,-0.06027993576092631,1.0837562105274086,-0.09730475255359648,-0.6969196335488347,0.9099031954220013,0.2805488216318358,-1.5783177214764499,-0.46921232225748666,-1.17254202711623,0.44295644814353946,0.0036304504077736893,1.3762026668981053,-1.0406556941167668,-0.07803132004037328,1.409258515782183,0.9309033224298271,0.8767349677695655,-0.13493282623348002,0.36548770937107067,0.45382581378198095,1.1287822598938855,-0.5679236651804503,-0.2717267442348852,-0.3944682980248005,-2.120859276689752,-1.57352199993213,0.19493363089086285,-0.20836794103587764,0.6608739897198196,-0.4941611953109789,-1.2604764329187086,0.09191155366559811,1.677011536866753,1.6237977267284194,0.32866046599927323,-0.5249370056091223,-0.2729489569261212,-0.8044777234594779,0.17278653521333545,-0.997672196886017,1.0113303231108806,-1.9313375052336341,0.8111910699756214,-2.0625258775017885,-0.3732023850093281,0.41688447368388165,1.5745318287880516,-2.431899005544348,-1.8990894226592148,-1.379735479888326,0.08960487340741352,1.2747477285047908,0.6263807519345075,-0.3626570329246797,0.4325963406636624
QDPR,0.8194822790742593,1.0509170553855285,0.7248696918981375,-0.2820396086519773,1.8338659970535143,-1.5776390740192188,1.5767747464071453,0.30517509580791097,1.716260572632657,0.5858640274077078,1.4563103116990015,0.8181548234795626,-0.5486277208116134,-0.8288716634157284,-0.3660810383306735,0.8444485273262584,1.2463326950659184,-1.9082776673083475,1.2643103467750985,-2.624117631017833,1.0069598993014783,0.1432881914933522,-1.5393110528848521,-1.6731179182736358,-1.0454898973111746,0.9848450442213328,-1.7183563949037026,1.289276911400405,-0.45662477553917336,-0.13170267903847677,0.6755267053250982,0.5933980705647638,0.927928578684143,1.2977002187614595,1.4309501427151092,-0.1877948489716193,-0.045335651110316566,0.9261250518316586,0.5546817931172887,-0.7611287036332623,-0.4032860274581841,0.35803574182720665,0.7469508362890285,0.6850483549562725,0.20621363956249947,0.4171232756837563,-1.2714257705648775,-0.37201583411241435,1.2010113877085908,0.29505404935917967,-0.06746287954493113,0.2628886403003011,2.8289018010956575,-0.9965691864754486,-0.8387386798026658,1.1618810961213475,2.324458318723724,-0.31045239481178555,0.5542552178457348,-1.0622471887572562,1.8558407421727532,1.3736867075000918,0.21028428408220726,1.099225577303901,0.7920956222867435,0.6906090768231217,-2.1679874852191707,0.48612960492677043,-0.5899270337905484,0.8564857704670399,-0.9810209423259547,-0.6602669767426581,0.35059854865423257,-1.488804095624332,1.7966764091377456,2.6851880903150365,1.2201873936515282,0.35063482324901346,0.7862890225077018,-1.6196367633588449,-1.307203100972277,0.3115458263253134,1.008802778840927,-0.20737937045737753,-1.8692449831841065,1.450757672740493,-1.1450404127147629,-0.7018100897326089,1.3173115063964327,0.6278467111459468,-1.4260169942051673,0.740869868540692,1.005947594445288,-0.6214700632168858,-0.20530395821178216,1.3483013373251223,-1.2467894133211563,-1.5526719443964798,0.3040849510458,-0.6258522447394897,0.37722111312973605,0.08911197995367792,-1.151746182915343,0.5462721677826582,-0.6225172465691385,1.1918118570217389,-0.2871922027186184,-1.5635356348926597,-1.3779390891302448,0.41158753408407506,2.4735642728740395,0.258729396037974,1.4027042413360493,1.094645338881051,0.05392476590164831,0.8994777616922651,1.4004785551636254,0.7694552380312487,-0.022502420814594082,0.2605652777189722
CPM,-1.4269258448877697,-1.2797682204088512,0.4292332292446778,-2.2934591065259977,0.4965049703414248,0.06760025143861777,0.1749345625159163,-0.7887747152483414,-0.972064943801501,-0.63459135682768,0.9290389475475687,0.8339860921088426,-0.8256303177449048,0.7623975941453391,0.23694078806179586,-0.4497989375545203,0.8886788919767074,2.0553545173169234,0.36539479851223483,-0.551997856803174,-0.021771330438534187,-0.7339772071684518,-0.6429642482752853,-0.468516114359383,0.9526250449940227,0.7337765905074289,-0.8878425982501431,-0.051272171360681074,2.6473063563471486,-0.5991136766865611,-2.0006302021616027,0.8825536673197455,-0.09380008384472131,0.942941596679863,0.18563014014822804,-1.594814469158083,0.5251668953164588,0.058494148493138276,0.811093582761544,0.8846774830639305,0.13536327092899403,0.5678763088682992,1.5253961211939875,0.9009917340127611,1.2943764385092185,-0.2672278473770515,-1.6657479888815054,-0.49811501676304903,-0.577604844544062,-0.41657126004097084,2.3489041532071018,0.8449060425282201,0.48297929469832457,1.122786580665308,0.5649619714729521,0.21384242838198525,-0.5049247071524303,-0.6229165932071011,2.1569254567159737,1.2501097362081743,-0.3247096495231207,1.4466882530055885,-0.397553965917021,-0.31876838827931364,2.8984397447566463,-0.32293617620597537,-0.060598940347508984,0.047465313162339075,-1.907329036294505,-1.098399218697352,-1.1383405213255062,-0.5726259631331113,-0.4554436702467343,0.3588816612729334,1.0912441369855874,-1.118264008552594,0.6275969339794621,0.3475000724251156,-0.6929410360247344,1.0858462199441563,1.5176353634841742,-0.1663035564926303,-0.18684316064389295,1.7436779683609602,0.33415965632033295,-0.864327782557599,0.083534409137946,1.772998517900214,-0.6071956596864649,-0.5455663551574527,1.481344738577096,2.5027103580285144,0.6683364115752757,-1.4840854717837124,1.647268203365595,0.6144996964026163,-2.2329212967363814,1.1640506723747772,-2.0657364632264845,-0.6834348984037585,0.4077941104443355,2.6392917713850856,-1.462767615520744,-0.8741283763227206,1.735838364237016,0.4127207221436995,-0.32978234944252116,-0.1465248069796966,0.6771211521409312,1.3950563200027446,-0.15153041528494426,1.243487107807864,-0.5504944679138541,-0.6035720220930978,-1.0253559750969283,1.314564979390394,0.6970602931223734,0.37152579016007636,0.8734537100031893,-0.36787924839342356
SPP1,1.046926471720198,-0.5436551839066442,-0.5871482588169188,1.2884691255044964,0.7494707617368042,0.30712868206735827,0.279490925407954,2.849975523883753,-1.1053569040907185,-1.2234750185753611,0.22870641184395785,0.8688390482416558,0.6755750659684094,0.7469800452566349,0.6070933612098207,0.8190739649265703,-0.01646984396735034,-1.1288483953614166,-0.28321668985622317,1.3713723087367797,1.07756198661887,-1.2075059923128533,0.6689201945920517,1.0858394897012182,-0.4825777141602998,-0.31785974441998116,0.35541108031342494,-0.49465998208338835,0.40103030613056523,-0.8277855180717731,0.3498979446458676,-0.9158806260027682,0.25090440349803483,1.14658364338804,0.7523519711543063,0.016731382870660172,-0.8053336568600976,-2.4833113041453507,-2.2140299728133623,0.9407044311255618,2.07486395758416,-1.2131041812031749,-1.1787711296109384,0.912713571749202,1.2518228978339885,0.616802674624221,0.7100265693144501,-0.8072097742698287,0.424179064345769,-0.6175199512157814,-0.05601920478734712,-0.6521383016891162,0.5208145147691394,-0.582560522193893,0.7711165878896392,0.798231245114002,-0.6224629693164816,0.8747740943932566,-0.28773431345061595,-0.8335479964773544,0.6102406481691579,1.2681249040795346,0.8367173595872338,-0.10811477091049977,1.3574674319892244,0.04625384360328005,1.4567582490885074,-0.03236467641968103,-1.3403482940073284,0.9541862967796158,-0.23281558629091198,0.6604482811784785,0.1671941570651907,0.7406330930055722,0.1140253212837776,-0.030095268736081045,-0.1202971488785116,-0.38162894316137386,-1.301048366945385,0.5731784072190396,1.8981068157495975,0.44729988008371585,0.3202378327666546,1.451680031100922,0.6707585390847842,1.077308033111535,1.4855765420902143,1.9105201345924765,0.8384401820613665,-0.4810713982444985,0.21578624988128478,0.9962564270799266,-0.9403265882482151,-1.6539307042665095,0.8933683646170918,-0.29088809004634203,1.9425203563493298,0.07948346161917735,1.1485685827902035,-1.4691365558630596,-0.11291286940608967,-1.522678040942964,-0.7660875353179049,-0.19040013715989523,0.6725730970470175,-0.7720736869011161,-0.8033271996516391,1.061815640998084,-0.6259755842299393,0.42680536630933935,1.191323582039613,-0.22835737184857965,1.2736535259522128,1.0933950015144038,0.47983147405632603,-1.1912011714402118,-0.4589165790936277,-0.5771908333851488,-0.48117572427860045,2.081018777044528
GPNMB,-0.49295116100822944,-0.02439601920833041,-1.8456718616130856,0.594376941662503,-0.4629374545564682,-0.6942676930973756,1.717188536536328,0.3746403637317036,-0.3873971510383611,0.4386509172497745,0.8987346648707225,1.1292263901949235,1.2421037710622906,2.4246969200824955,1.245218858744165,0.13194633358967864,0.39861373079049905,-0.7467691835820535,1.3498373544384694,1.0591834021197861,0.4510306814944074,-1.2906798755186497,-0.8119070019479805,-0.6091564251486747,-0.6698803763851938,0.28689734829577007,0.34209651918829986,1.2398132334720846,1.0812697940146907,-0.9624263697219785,1.1501650007271353,-0.5819406180048879,-0.8477802874159636,1.0719190597036372,0.9030917771094001,-0.7939766529154578,1.2638032298195851,-0.5134419685865066,-1.2367283266014424,0.6362020340290505,0.8373160135029311,0.6386623750772411,0.18325305115827936,0.6536499228810626,-0.15545399339602237,-1.018850315286027,0.1305337582924874,2.7146275719050377,0.08113874267167014,0.8146158336357073,1.55600918572101,-1.4951545645233384,0.6608676157683246,-0.6444318500153312,-0.4834381884064961,1.4813282721252983,-0.43548569034350343,0.13200769685328745,0.20238504138072244,-1.3699125803028402,-0.07713784763769485,0.7824308655146943,-0.28067558508067875,0.9967155116892993,0.43265860402661516,-0.39756682068682386,-0.1937492431743331,-1.0499135905265586,0.19236046946362395,-1.4079386838807022,-0.16675829823726662,-0.5681331625869526,0.4181298738332538,-1.597112134920162,2.1102217263712304,-1.1404370621069941,-1.8672923265574746,0.6399993092728524,-0.450608590240716,0.9192378979066677,0.014875089560792365,0.5700429762656047,0.3192362712963889,0.39707886620837374,-1.9009015283882318,0.16083631550138916,1.1496021892863948,-0.4099210198276168,0.4333253012429292,-0.4649059257581942,-1.5599031788380686,-1.1021537043519283,0.7167959673202617,-0.2390697995544376,-0.2582200858394169,-1.941271400394665,-0.005641410000608359,1.5640946622346925,-0.9946310855662104,0.7067595572904443,-0.06873104253667274,0.011741210124572798,0.4163774874426354,0.8651764576903398,-0.487000655071489,0.7396753616333175,-1.6444389408236468,-0.9462080696368598,0.013936951176868252,0.9140660228282647,1.0616646628333388,0.5565278693430659,0.49251780289767944,1.80321921301308,-1.1418419615626043,-0.32329399962371397,1.4175021531601746,-0.9482484215645407,0.9192055004428157,-0.09262898251416551
SST,1.8447399957853556,-0.7761013308865025,0.588566108684478,1.5591602679104597,0.7356932359272009,1.2092617584250616,-1.0837073828276738,0.8797566429730264,0.9975154867191866,-0.20322181539266757,0.20501489735023323,0.22250063997455602,1.3459232013962652,1.5391646512414054,-0.773718716189763,0.2566831408939408,0.06490310379131853,0.022168829251489837,-2.053353915485802,-0.6476706954323754,0.15031177279568514,0.016203765450755962,0.7758184906827021,0.11902209079454971,-0.2796874028821622,-0.31648620016113177,-0.3929218368319844,0.17737284457201005,0.0003069552206209041,-0.4952624474098929,-0.44749662966837955,0.17472914809924295,0.4566327365232459,0.44690488855468735,-0.4639419564007933,-0.16361848537914042,0.5263763572417159,-2.014751941933076,-0.9285152668483956,-0.1660556322067472,-0.7714641249373086,0.0006044995733968318,0.7856546549929272,-0.25429692052860925,0.16115114599197525,-0.9773925680411392,-1.330945928238807,-0.40835469174691724,-0.4202621795529945,0.5409835969613367,0.8177812859960331,0.3532928121923323,0.18161936866949566,-0.26829929454046303,0.0018152832587584778,-0.44926647986349044,-0.2388112429822953,-1.6055295669340186,-0.7750659917459211,2.667866098815701,-0.15955102480367478,-0.5487320169424119,-0.6009534568255896,-0.21078550340701105,-1.0247403622757139,0.5855641666830091,-0.4862598129037847,-1.8689462500268306,1.2565387543879067,0.9910808638093138,-1.5482891328852875,-0.06904852159055448,-0.46748780841919574,2.141075778354344,0.5543601654223794,-0.7021854118486786,1.7817470773852926,-1.2432076881586986,-0.3076304061369256,1.2491815428335236,-1.108185148104567,-0.025796254718567727,0.7983389931639792,-0.07730855711174778,-0.48572102114624766,-0.16311540388289503,0.26720882631802084,-1.2195944383091362,1.5496407116235673,-0.3217412811598855,1.1601635726206057,-0.6452136231553048,-0.3369501816300971,-0.232308847846709,0.6817106668184001,0.3138463359336812,1.7513086554261754,-1.271655070335327,-0.2963179634367027,-0.6300245977817495,-0.658027060225832,-0.49829163841633195,-0.8055089366365039,-0.3957877855299196,1.5298914029521375,-0.3503367246713668,0.27370991957044993,-0.0089148419082813,1.460996638568226,-0.056978061801774706,1.4544643669726536,0.31938091831848414,0.29618373838194867,1.2918355453549744,-0.6076866372421537,-0.8055535954669933,-0.3715882522218184,-0.7620922705355322,-1.348740965381706,0.17195613715060595
NPTX2,0.27793421194237794,1.4044176118086675,-1.562867970267558,1.4178853180741746,0.20500063536178853,-0.6810689419526464,-0.10255996454654681,0.1974691917381763,0.9181561772898597,1.3414459582085383,0.39462300423179447,-2.0187860028569196,1.8401950645144431,-0.7564157995481978,-2.136474800787414,-1.2367591759652228,1.5215689572334135,0.4501696826635245,0.5728765660195918,0.6564671046043348,-1.0589491578738004,1.2786651098076347,-1.4907162562740424,0.2756634589487123,0.13531184721308534,-1.412721327345401,-0.5740550413631558,-0.017352611799615777,0.5260364055478325,0.3730181290046317,1.1725923605722082,0.31547625367302745,1.196157479792835,0.654187039336475,-1.4084193024621234,0.5024876341905183,0.7884826897891641,-1.1450976562568136,-2.028471022210944,0.2231336575822394,-1.4775128828783006,-0.6578674630156757,-0.2503450634918324,-1.514481372236826,0.2996654247948325,-2.20368182677556,-0.9644453647778554,-0.5841489343363405,-2.10294364673469,0.001373007380130094,0.061098950646887515,0.1834806816613162,1.9597833278469141,0.15911433311807863,0.07111893491847292,-1.5120184868164332,0.2757494170733286,-1.3703475779432421,0.5792358378356941,-0.168894408649949,0.20167694075865197,0.25115557923739,1.858774214507878,0.604127115003996,-0.1535203673704789,-0.4840856661794631,-1.0462460921003875,0.09092764673263225,-0.5185506947130651,-0.9043496333405799,0.3907289497547969,-0.7777972188931439,0.5471815308860455,-0.010401046532391094,0.17091148087477345,0.36858904067705295,3.198221258606169,1.1890638005504282,-1.1643735312986236,0.8552343312844164,-0.18983903680016173,-0.30960184982673694,-0.681744864529992,0.5782634485586765,-0.08134833372921159,-0.9427717998584925,0.8760612200822459,0.5998824353724003,-0.7904832882339398,-1.0969668015004006,-0.5484809577977408,0.1471685952438373,0.5793813937727411,0.699449856091686,-0.5367810042842365,1.617370278351372,1.0951972050069014,-0.4740613415462364,1.4288948042818785,1.2300583734183246,-0.280811971905447,-1.6121886629561515,-0.27397107966447365,-1.578167700328327,-2.381296942039019,2.649772771538351,-0.6919296558433236,0.7631259081991487,-0.7623103695299401,-0.9789635660120034,0.5585186058515553,-0.4227950350438841,-0.08757547012450771,-0.8483407084937719,1.5084964179296758,-1.0308458925410238,2.2324998644997818,-0.060790632663422405,0.46655126376912737,-0.6708283325752706
PROT01,0.28772397524513654,0.5488444413077866,0.44611425162033214,-1.1766039613563473,0.38631385008291474,-0.431389181896616,-1.3465905217630618,0.16776849164621183,-0.24377008742454492,0.2384713567754907,-1.1418378995713576,-0.6238402037884049,-2.466445574101715,1.2462782275787787,-0.4194912383757464,-0.27551580109815743,0.3426648612084863,-1.0177088104685905,-0.6007016478847549,-0.24543344756437319,-0.29463778263848905,-1.3992373386760415,0.7758449985232546,-0.12939003995087087,-0.02649689476468432,-1.1435009707426602,-0.37295444148875756,-1.2768995291394634,-0.0865083099074176,-1.175956844356641,-0.5109986280402469,-0.8816349856793688,1.2408945496519284,-1.3631570781379232,0.5293281977140493,1.5903385763629299,0.2218244372902356,0.2120899723871423,0.08461042227682396,2.669983091942126,-1.2857113696191635,-1.1271920112768172,-1.586786023000883,1.2233179806080547,0.40880279191361724,1.0328337726298389,-0.06771780799890996,-0.7195098816930494,-0.2506659879745934,-0.6003569885667747,0.9737975542553166,-1.121642947339615,-1.074391184308631,-0.029413480699878772,0.2347031804902973,-0.6624281518302535,1.0539337287548933,-0.3076769999236803,-0.2755413127969004,0.3395645261555235,-0.6799830815245073,-1.0418524452868694,0.3893926872894403,-0.4384182603293823,0.6360685869399831,1.0747585507932327,-0.07963861411358154,0.6471374780207204,-0.04000417936433781,1.552871396240085,-0.4711240984527239,-0.9693147399878824,0.4031499838131031,-0.08115044614597483,0.052153155462507816,0.3278820424760585,0.9328260269784231,1.1387542340810355,0.08971752462477686,0.19311510773357027,-2.4791677402950896,0.5306646705257666,-0.5045093528847525,-1.5592156244041138,-1.8405965035979337,-1.987327870472402,0.5416554305510966,2.1428959509981365,-0.6357337957483515,1.0057902550936006,-0.4332122363844672,-0.4139847373805012,1.959281723889169,-0.7004776971565766,0.6758043190201036,1.1718976273536994,-1.0035570904894333,-0.5315368439813571,0.0008114166713419796,-1.835094033147718,-1.1331581202879593,-0.8324029305969315,0.3069759809888252,0.9434654315633022,2.3151655793615302,0.9342211371918652,-0.7312719263323959,1.2157897851050303,1.006366938716612,-0.2131639798388521,1.4990467355832928,-0.2386384980855056,0.8339889506599858,0.7805290967665931,1.826655997389622,-2.6807030113000723,0.30221932654423694,1.010969252703864,-0.8510824379199186,-0.0809491269284455
PROT02,-0.3284885571562108,-1.1547522807771267,-2.180769646910634,0.2816248907164884,0.17481110954516807,0.4711657786712867,-0.865251480629493,0.22127303995758535,-0.938982229586312,-0.8054065964230341,-0.9517205692276809,0.029577015489946366,0.5493732369683142,0.28047647728066716,-1.1077986119359589,-1.9303644879725312,0.766759648892905,1.2499615563608386,-0.4173837826890405,0.8473923832261001,0.5568501376743228,0.977378551741424,-0.41271486719315315,-1.6846455103064955,-0.24024668847609518,1.6076447476304758,0.6029404610430569,-0.03205414116747457,0.11083970032512035,-0.6702276319090739,-0.10793036369641287,-0.22051412313632462,-0.1945893982842341,-0.09829216684610079,1.6905240398145438,0.503453021374415,0.38620871305805055,0.8542689948936567,1.1935596532541497,0.5135458099671122,0.2279538986941841,0.8709061609656085,-1.2869624190544624,-0.09883425199511385,1.2286447750224816,0.5629385506202644,1.1654059387058353,-0.10053397297820112,0.726170360583071,-1.2093639867654178,-1.8935015944626086,-0.7614117218260671,0.544787482389328,0.4572210155873294,0.3386788114403932,0.5870190876129149,-0.25706072516885253,-1.0911295922267457,0.6817917590075022,-1.01784957606867,-0.9585225457498413,0.4544041770066379,0.9375860576608777,-0.5440718767824579,-0.8340881078948068,-0.9265956817256266,1.5788469278614297,0.7050141385845952,2.003891510502814,-0.24785753964374446,0.7745690565686792,0.8107720342932736,0.9944468270228743,-0.8132978726112605,0.5866522291378127,0.8759567934607159,-1.483456292360387,-1.487684579969168,-0.6605632506470877,0.7315205893380475,-0.636714822605969,-1.3651452821541576,-0.6512845174396626,0.12091657660114058,-0.6198771480840858,0.8296605281530053,-1.4730266109828005,-1.4234595846475282,0.10213559755687428,-0.5019244752524258,-1.9513418014091168,-0.8671418576433113,-1.1287861294576595,0.6252270462421182,-0.05287436363231569,1.9917209905113493,0.5938296301361576,1.8012484845642436,1.4791577706635162,0.6814687106862631,1.0008302022119522,2.1843167518880997,0.33104532467593273,2.0973946876941048,0.8458392373654026,0.42417331529262436,-1.138487547381008,-0.6633539106748788,-0.3054883171590217,-0.05074928871927078,-2.266799809116407,1.0466363097403764,3.0131840112029042,-0.9842586069587234,1.875581568603484,0.25331152042951727,1.6620657698778432,0.06478778056385144,1.0555887121526129,0.6960958338122362
PROT03,-1.134053126174588,-0.5562151283445749,0.7563410371927342,-2.186496425752983,-1.3087870274512396,0.7735779438558543,-0.614004556376293,-0.32244545253746393,-0.10037433287826458,1.62994115563733,1.1365721360827898,0.9088703063782089,0.6098210703330534,0.577939572530336,0.10753118923810556,-1.4491824366034032,0.015565857633986309,-0.4199217264409935,-0.953095803599571,-0.6957554543132844,-0.7038867505541192,-1.4800031001263745,-0.5573415315909921,0.5629372493811344,0.20640670221523846,0.48531309920794063,0.18277539780271304,-0.4800454077395457,-0.9689772914046367,0.40828573563219545,0.8249130750845401,0.9738508567159356,0.21359423403253147,0.9180024031612724,-0.07545406944639849,-0.9592028923313972,0.25030911265784406,-0.11907190704495843,-1.2130911518254424,0.9640453462717637,-0.5936172613180355,-1.1378097310281827,-0.042799675099477005,-0.05343368601430402,-0.45302330994109574,-0.8368647143768961,-0.041965619223980274,0.5352853151956758,-0.21183606881467634,0.3239265284558892,0.35714175861195435,-0.6867504731895809,0.025302054351085637,0.3378202401074662,0.9205630795273545,1.7521340308056699,-1.4798989041743067,-0.5687061699999773,-1.021959022713942,2.0612037107615344,0.9371390374017814,1.165371327404391,1.0323858060569344,-0.9384196777618169,-1.3766862733424334,-0.12933672177385575,-0.3460971905639176,0.6631302963624871,1.515990476899003,-0.4997511860524615,1.5145989517211143,1.0680491750090835,-1.582153565950013,1.9987367800840807,1.0800666884622667,1.413495015001836,-0.491643812969403,0.023069401170058516,-0.7310507756941633,0.11578738103278026,-0.6841261092315795,-0.054030121903220256,-0.3420027656243999,0.26078481245998925,-0.7140684501807189,0.4682611464918843,-0.5395353972160148,0.22664191627647107,-0.6013740565674458,0.6911058693032002,0.12449405746485125,2.664298556737988,-1.9198985135407722,-0.894948874191098,-1.4072158730240196,0.37982090537119856,-1.199009538962088,0.20582319434050778,-1.2562189665007237,-0.008809088924445523,-1.1576637593867256,-1.943085697723824,-0.5896352597487299,-0.9153618135895961,0.46101290606174117,0.36803075137639346,1.136328676081183,-1.6841793669275158,-1.2373469200509035,0.13488471522362402,0.18331728987924054,-0.8604206640171659,-0.2035520254723495,0.43926027735990447,0.42449395666881323,0.4408123836385007,-0.7738500612967958,-0.2459846160808792,-0.04759897705309777,-0.33034910951007224
PROT04,0.02486979751509131,0.2944391122098228,0.16238629757282877,1.7046741912014702,1.104164457766483,-1.4564605781262785,2.094553655965292,0.5562042477477436,1.1031603814175388,-1.0758081405723456,0.4262935440721057,0.08676901285481747,0.28391388520595606,1.2955676940240886,-0.22484866210264226,-0.23025357281385114,-0.9470459711795012,0.21677895513245657,0.20416594314564665,-0.6337443243717552,-0.07936611210934852,0.20317787328190043,-0.55618930344173,-0.696787909069817,2.476883826148984,0.003825364912396626,-1.8499794984721407,-0.4353402879311519,0.12591969647333612,-0.41359827643220154,0.4820726370961991,2.0598466981583567,1.4354066629030582,0.6769514834956241,0.41722142027576525,-0.5834143723062497,0.2650752868962312,0.894821638103951,1.1252795902006123,0.8218532428082278,-0.9755952323083905,0.9012742215286745,-0.6197609480289662,0.5317913179945103,-0.7966636217350945,-0.24084083417774307,0.3857953927534513,-1.4661498830727837,2.4026994253144154,1.2526977764036271,-0.8031612448370181,0.5218191908038534,-0.5071490532682174,0.19458090323714752,-1.2825456117510452,0.6505833647089165,-0.6945373270339955,0.28088802013421366,0.7091516208134763,1.1198733963704206,1.4262409470835136,0.6964494828644456,0.5106328860000261,0.6421201576119352,0.08672823611338205,-0.04837351222644781,0.6478157517052917,-0.5181146394119862,-0.4250776270461122,0.9844859649918101,0.33004682737930974,1.603109074849904,-1.1526270459599879,-0.9352710993090557,-0.48149943029598874,0.18728071115761288,-0.38031109377526906,-0.3122073062075247,-0.1267912651705693,0.020157712727670068,-1.9786874062339974,0.36562301816859333,-0.14033110308308613,-0.36516935592317196,0.8527679840784067,0.4969466370536568,0.1927990804366248,-0.7961317244012309,-2.139520961406057,-0.21043401213857296,0.08310767318229156,-0.2386597389020402,-0.8894445367102609,0.6203360595566508,-0.8013660488656178,-0.42879126624970865,-1.2624308235071113,-0.3515150338819882,0.4461108578253342,1.4435065434242305,0.03384867124648906,0.538406650006624,0.401856314868008,-0.865122409015823,0.3555236359718431,-0.6875540705106955,-0.650401428741008,0.14707042566173573,-0.5951343898286178,0.025179009533590598,-0.1253703203869708,-1.2411063493970926,-0.7873996897381914,1.5203692568547802,0.24947015755001933,0.44591379814432947,1.2712387908553084,0.11447481652409959,0.5967680379287391,-1.509587641025276
PROT05,-1.611880318241582,2.372605135405172,1.8103952056932575,-0.453486005757101,0.5725919963407899,0.10929311892735982,2.0838358637194445,0.04701157286267308,-0.427449730426038,-0.3611610354955498,-0.5569815536855067,0.09218094754897274,1.2031397681161642,3.172002794141008,0.7460280581480185,-1.5377350566443577,1.6168018738229155,-0.8515360547331459,1.2704667351452534,0.8920188542565698,0.5914548610052334,-2.4400478410678446,-1.2074389601621376,-2.3994431352627243,0.47471955295574364,2.2525549586764235,-0.32895513506926977,-1.048025704038661,0.4300517924673449,1.1042377096998879,-0.9721004285133368,1.0634356989910527,1.0356207623228135,1.7389360754143681,2.551921537049559,-1.7560334668580213,-0.9669965381313851,-0.3031333874600571,-0.7815866040865048,0.38746928728621305,-0.3344283206728475,0.44746279817053103,1.525380019117682,-0.4249402306734186,-0.9268770997710934,2.8458181309698762,-0.3028952417521838,-0.5499890310955104,-0.11909433622681753,0.5532993367633494,-0.3111203869521967,0.2636264620418057,-1.7459109611083854,-1.0065611484144708,1.1233089235505007,1.5864111265898244,1.2299297541183325,-2.0387279072257014,-0.38109602138294507,0.9462264705154545,-0.2501264064168341,0.21080260042328192,-0.9361126452299693,-0.7833627464451373,1.2642035345966303,-0.1979533684409582,0.16150308647193837,-0.7094167248705323,-0.4927088054418354,-1.0203254083535689,0.49435542711657177,0.49140986204749365,-0.5405435005539116,0.46977163238993813,1.4990122505686287,-0.3977193738335049,0.33305323786722174,-0.8237243154445683,-0.6304961728627733,0.6127000989406766,-1.1789938237725808,0.1819722868250032,0.8360936064109517,-0.9616736713480513,-0.08875246414072133,-2.083580780346578,1.6244662372459187,0.5433471623307875,-0.1265269949810188,0.19917867387045282,1.9426902722298232,-0.3037473932766913,-0.536014482697186,0.11331253836959075,-0.383445619402561,0.5929541958135843,0.27585714549449974,-0.21409273058043676,-0.37255134298778664,0.039182209779716634,-0.46586981397668986,0.7277177084191722,-2.4813625020052994,-0.23743796471319592,-0.3659412507552175,0.4977093010075419,-0.6878419436329319,-0.28398930602399564,-0.2519184544749545,-0.7529106648429773,-1.945649624028332,-1.118923009251923,0.8324066366263411,0.4205365763147974,-1.404443895484047,0.20554453810867038,0.29100964472296437,1.3743874631496056,-1.357588603979267,2.1266974953972904
