gene,in_pathway
XAF1,True
IFI44L,True
IFI6,True
IFIT1,True
IFIT3,True
ISG15,True
IFI35,True
NRIR,True
HSPA1A,False
HSPA8,False
DNAJB1,False
HSP90AA1,False
HSPD1,False
HSPE1,False
CRYAB,False
APOE,False
TREM2,False
CX3CR1,False
P2RY12,False
CSF1R,False
AIF1,False
CD68,False
GFAP,False
AQP4,False
ALDH1L1,False
SLC1A2,False
CLU,False
SPARCL1,False
MBP,False
PLP1,False
MOG,False
MAG,False
OLIG2,False
SOX10,False
SST,False
PVALB,False
GAD1,False
SLC17A7,False
CAMK2A,False
SYT1,False
SYNGENE001,False
SYNGENE002,False
SYNGENE003,False
SYNGENE004,False
SYNGENE005,False
SYNGENE006,False
SYNGENE007,False
SYNGENE008,False
SYNGENE009,False
SYNGENE010,False
SYNGENE011,False
SYNGENE012,False
SYNGENE013,False
SYNGENE014,False
SYNGENE015,False
SYNGENE016,False
SYNGENE017,False
SYNGENE018,False
SYNGENE019,False
SYNGENE020,False
SYNGENE021,False
SYNGENE022,False
SYNGENE023,False
SYNGENE024,False
SYNGENE025,False
SYNGENE026,False
SYNGENE027,False
SYNGENE028,False
SYNGENE029,False
SYNGENE030,False
SYNGENE031,False
SYNGENE032,False
SYNGENE033,False
SYNGENE034,False
SYNGENE035,False
SYNGENE036,False
SYNGENE037,False
SYNGENE038,False
SYNGENE039,False
SYNGENE040,False
SYNGENE041,False
SYNGENE042,False
SYNGENE043,False
SYNGENE044,False
SYNGENE045,False
SYNGENE046,False
SYNGENE047,False
SYNGENE048,False
SYNGENE049,False
SYNGENE050,False
SYNGENE051,False
SYNGENE052,False
SYNGENE053,False
SYNGENE054,False
SYNGENE055,False
SYNGENE056,False
SYNGENE057,False
SYNGENE058,False
SYNGENE059,False
SYNGENE060,False
SYNGENE061,False
SYNGENE062,False
SYNGENE063,False
SYNGENE064,False
SYNGENE065,False
SYNGENE066,False
SYNGENE067,False
SYNGENE068,False
SYNGENE069,False
SYNGENE070,False
SYNGENE071,False
SYNGENE072,False
SYNGENE073,False
SYNGENE074,False
SYNGENE075,False
SYNGENE076,False
SYNGENE077,False
SYNGENE078,False
SYNGENE079,False
SYNGENE080,False
SYNGENE081,False
SYNGENE082,False
SYNGENE083,False
SYNGENE084,False
SYNGENE085,False
SYNGENE086,False
SYNGENE087,False
SYNGENE088,False
SYNGENE089,False
SYNGENE090,False
SYNGENE091,False
SYNGENE092,False
SYNGENE093,False
SYNGENE094,False
SYNGENE095,False
SYNGENE096,False
SYNGENE097,False
SYNGENE098,False
SYNGENE099,False
SYNGENE100,False
SYNGENE101,False
SYNGENE102,False
SYNGENE103,False
SYNGENE104,False
SYNGENE105,False
SYNGENE106,False
SYNGENE107,False
SYNGENE108,False
SYNGENE109,False
SYNGENE110,False
SYNGENE111,False
SYNGENE112,False
SYNGENE113,False
SYNGENE114,False
SYNGENE115,False
SYNGENE116,False
SYNGENE117,False
SYNGENE118,False
SYNGENE119,False
SYNGENE120,False
SYNGENE121,False
SYNGENE122,False
SYNGENE123,False
SYNGENE124,False
SYNGENE125,False
SYNGENE126,False
SYNGENE127,False
SYNGENE128,False
SYNGENE129,False
SYNGENE130,False
SYNGENE131,False
SYNGENE132,False
SYNGENE133,False
SYNGENE134,False
SYNGENE135,False
SYNGENE136,False
SYNGENE137,False
SYNGENE138,False
SYNGENE139,False
SYNGENE140,False
SYNGENE141,False
SYNGENE142,False
SYNGENE143,False
SYNGENE144,False
SYNGENE145,False
SYNGENE146,False
SYNGENE147,False
SYNGENE148,False
SYNGENE149,False
SYNGENE150,False
SYNGENE151,False
SYNGENE152,False
SYNGENE153,False
SYNGENE154,False
SYNGENE155,False
SYNGENE156,False
SYNGENE157,False
SYNGENE158,False
SYNGENE159,False
SYNGENE160,False
SYNGENE161,False
SYNGENE162,False
SYNGENE163,False
SYNGENE164,False
SYNGENE165,False
SYNGENE166,False
SYNGENE167,False
SYNGENE168,False
SYNGENE169,False
SYNGENE170,False
SYNGENE171,False
SYNGENE172,False
SYNGENE173,False
SYNGENE174,False
SYNGENE175,False
SYNGENE176,False
SYNGENE177,False
SYNGENE178,False
SYNGENE179,False
SYNGENE180,False
SYNGENE181,False
SYNGENE182,False
SYNGENE183,False
SYNGENE184,False
SYNGENE185,False
SYNGENE186,False
SYNGENE187,False
SYNGENE188,False
SYNGENE189,False
SYNGENE190,False
SYNGENE191,False
SYNGENE192,False
SYNGENE193,False
SYNGENE194,False
SYNGENE195,False
SYNGENE196,False
SYNGENE197,False
SYNGENE198,False
SYNGENE199,False
SYNGENE200,False
SYNGENE201,False
SYNGENE202,False
SYNGENE203,False
SYNGENE204,False
SYNGENE205,False
SYNGENE206,False
SYNGENE207,False
SYNGENE208,False
SYNGENE209,False
SYNGENE210,False
SYNGENE211,False
SYNGENE212,False
SYNGENE213,False
SYNGENE214,False
SYNGENE215,False
SYNGENE216,False
SYNGENE217,False
SYNGENE218,False
SYNGENE219,False
SYNGENE220,False
SYNGENE221,False
SYNGENE222,False
SYNGENE223,False
SYNGENE224,False
SYNGENE225,False
SYNGENE226,False
SYNGENE227,False
SYNGENE228,False
SYNGENE229,False
SYNGENE230,False
SYNGENE231,False
SYNGENE232,False
SYNGENE233,False
SYNGENE234,False
SYNGENE235,False
SYNGENE236,False
SYNGENE237,False
SYNGENE238,False
SYNGENE239,False
SYNGENE240,False
SYNGENE241,False
SYNGENE242,False
SYNGENE243,False
SYNGENE244,False
SYNGENE245,False
SYNGENE246,False
SYNGENE247,False
SYNGENE248,False
SYNGENE249,False
SYNGENE250,False
SYNGENE251,False
SYNGENE252,False
SYNGENE253,False
SYNGENE254,False
SYNGENE255,False
SYNGENE256,False
SYNGENE257,False
SYNGENE258,False
SYNGENE259,False
SYNGENE260,False
SYNGENE261,False
SYNGENE262,False
SYNGENE263,False
SYNGENE264,False
SYNGENE265,False
SYNGENE266,False
SYNGENE267,False
SYNGENE268,False
SYNGENE269,False
SYNGENE270,False
SYNGENE271,False
SYNGENE272,False
SYNGENE273,False
SYNGENE274,False
SYNGENE275,False
SYNGENE276,False
SYNGENE277,False
SYNGENE278,False
SYNGENE279,False
SYNGENE280,False
SYNGENE281,False
SYNGENE282,False
SYNGENE283,False
SYNGENE284,False
SYNGENE285,False
SYNGENE286,False
SYNGENE287,False
SYNGENE288,False
SYNGENE289,False
SYNGENE290,False
SYNGENE291,False
SYNGENE292,False
SYNGENE293,False
SYNGENE294,False
SYNGENE295,False
SYNGENE296,False
SYNGENE297,False
SYNGENE298,False
SYNGENE299,False
SYNGENE300,False
SYNGENE301,False
SYNGENE302,False
SYNGENE303,False
SYNGENE304,False
SYNGENE305,False
SYNGENE306,False
SYNGENE307,False
SYNGENE308,False
SYNGENE309,False
SYNGENE310,False
SYNGENE311,False
SYNGENE312,False
SYNGENE313,False
SYNGENE314,False
SYNGENE315,False
SYNGENE316,False
SYNGENE317,False
SYNGENE318,False
SYNGENE319,False
SYNGENE320,False
SYNGENE321,False
SYNGENE322,False
SYNGENE323,False
SYNGENE324,False
SYNGENE325,False
SYNGENE326,False
SYNGENE327,False
SYNGENE328,False
SYNGENE329,False
SYNGENE330,False
SYNGENE331,False
SYNGENE332,False
SYNGENE333,False
SYNGENE334,False
SYNGENE335,False
SYNGENE336,False
SYNGENE337,False
SYNGENE338,False
SYNGENE339,False
SYNGENE340,False
SYNGENE341,False
SYNGENE342,False
SYNGENE343,False
SYNGENE344,False
SYNGENE345,False
SYNGENE346,False
SYNGENE347,False
SYNGENE348,False
SYNGENE349,False
SYNGENE350,False
SYNGENE351,False
SYNGENE352,False
SYNGENE353,False
SYNGENE354,False
SYNGENE355,False
SYNGENE356,False
SYNGENE357,False
SYNGENE358,False
SYNGENE359,False
SYNGENE360,False
SYNGENE361,False
SYNGENE362,False
SYNGENE363,False
SYNGENE364,False
SYNGENE365,False
SYNGENE366,False
SYNGENE367,False
SYNGENE368,False
SYNGENE369,False
SYNGENE370,False
SYNGENE371,False
SYNGENE372,False
SYNGENE373,False
SYNGENE374,False
SYNGENE375,False
SYNGENE376,False
SYNGENE377,False
SYNGENE378,False
SYNGENE379,False
SYNGENE380,False
SYNGENE381,False
SYNGENE382,False
SYNGENE383,False
SYNGENE384,False
SYNGENE385,False
SYNGENE386,False
SYNGENE387,False
SYNGENE388,False
SYNGENE389,False
SYNGENE390,False
SYNGENE391,False
SYNGENE392,False
SYNGENE393,False
SYNGENE394,False
SYNGENE395,False
SYNGENE396,False
SYNGENE397,False
SYNGENE398,False
SYNGENE399,False
SYNGENE400,False
SYNGENE401,False
SYNGENE402,False
SYNGENE403,False
SYNGENE404,False
SYNGENE405,False
SYNGENE406,False
SYNGENE407,False
SYNGENE408,False
SYNGENE409,False
SYNGENE410,False
SYNGENE411,False
SYNGENE412,False
SYNGENE413,False
SYNGENE414,False
SYNGENE415,False
SYNGENE416,False
SYNGENE417,False
SYNGENE418,False
SYNGENE419,False
SYNGENE420,False
SYNGENE421,False
SYNGENE422,False
SYNGENE423,False
SYNGENE424,False
SYNGENE425,False
SYNGENE426,False
SYNGENE427,False
SYNGENE428,False
SYNGENE429,False
SYNGENE430,False
SYNGENE431,False
SYNGENE432,False
SYNGENE433,False
SYNGENE434,False
SYNGENE435,False
SYNGENE436,False
SYNGENE437,False
SYNGENE438,False
SYNGENE439,False
SYNGENE440,False
SYNGENE441,False
SYNGENE442,False
SYNGENE443,False
SYNGENE444,False
SYNGENE445,False
SYNGENE446,False
SYNGENE447,False
SYNGENE448,False
SYNGENE449,False
SYNGENE450,False
SYNGENE451,False
SYNGENE452,False
SYNGENE453,False
SYNGENE454,False
SYNGENE455,False
SYNGENE456,False
SYNGENE457,False
SYNGENE458,False
SYNGENE459,False
SYNGENE460,False
SYNGENE461,False
SYNGENE462,False
SYNGENE463,False
SYNGENE464,False
SYNGENE465,False
SYNGENE466,False
SYNGENE467,False
SYNGENE468,False
SYNGENE469,False
SYNGENE470,False
SYNGENE471,False
SYNGENE472,False
SYNGENE473,False
SYNGENE474,False
SYNGENE475,False
SYNGENE476,False
SYNGENE477,False
SYNGENE478,False
SYNGENE479,False
SYNGENE480,False
SYNGENE481,False
SYNGENE482,False
SYNGENE483,False
SYNGENE484,False
SYNGENE485,False
SYNGENE486,False
SYNGENE487,False
SYNGENE488,False
SYNGENE489,False
SYNGENE490,False
SYNGENE491,False
SYNGENE492,False
SYNGENE493,False
SYNGENE494,False
SYNGENE495,False
SYNGENE496,False
SYNGENE497,False
SYNGENE498,False
SYNGENE499,False
SYNGENE500,False
SYNGENE501,False
SYNGENE502,False
SYNGENE503,False
SYNGENE504,False
SYNGENE505,False
SYNGENE506,False
SYNGENE507,False
SYNGENE508,False
SYNGENE509,False
SYNGENE510,False
SYNGENE511,False
SYNGENE512,False
SYNGENE513,False
SYNGENE514,False
SYNGENE515,False
SYNGENE516,False
SYNGENE517,False
SYNGENE518,False
SYNGENE519,False
SYNGENE520,False
SYNGENE521,False
SYNGENE522,False
SYNGENE523,False
SYNGENE524,False
SYNGENE525,False
SYNGENE526,False
SYNGENE527,False
SYNGENE528,False
SYNGENE529,False
SYNGENE530,False
SYNGENE531,False
SYNGENE532,False
SYNGENE533,False
SYNGENE534,False
SYNGENE535,False
SYNGENE536,False
SYNGENE537,False
SYNGENE538,False
SYNGENE539,False
SYNGENE540,False
SYNGENE541,False
SYNGENE542,False
SYNGENE543,False
SYNGENE544,False
SYNGENE545,False
SYNGENE546,False
SYNGENE547,False
SYNGENE548,False
SYNGENE549,False
SYNGENE550,False
SYNGENE551,False
SYNGENE552,False
SYNGENE553,False
SYNGENE554,False
SYNGENE555,False
SYNGENE556,False
SYNGENE557,False
SYNGENE558,False
SYNGENE559,False
SYNGENE560,False
SYNGENE561,False
SYNGENE562,False
SYNGENE563,False
SYNGENE564,False
SYNGENE565,False
SYNGENE566,False
SYNGENE567,False
SYNGENE568,False
SYNGENE569,False
SYNGENE570,False
SYNGENE571,False
SYNGENE572,False
SYNGENE573,False
SYNGENE574,False
SYNGENE575,False
SYNGENE576,False
SYNGENE577,False
SYNGENE578,False
SYNGENE579,False
SYNGENE580,False
SYNGENE581,False
SYNGENE582,False
SYNGENE583,False
SYNGENE584,False
SYNGENE585,False
SYNGENE586,False
SYNGENE587,False
SYNGENE588,False
SYNGENE589,False
SYNGENE590,False
SYNGENE591,False
SYNGENE592,False
SYNGENE593,False
SYNGENE594,False
SYNGENE595,False
SYNGENE596,False
SYNGENE597,False
SYNGENE598,False
SYNGENE599,False
SYNGENE600,False
SYNGENE601,False
SYNGENE602,False
SYNGENE603,False
SYNGENE604,False
SYNGENE605,False
SYNGENE606,False
SYNGENE607,False
SYNGENE608,False
SYNGENE609,False
SYNGENE610,False
SYNGENE611,False
SYNGENE612,False
SYNGENE613,False
SYNGENE614,False
SYNGENE615,False
SYNGENE616,False
SYNGENE617,False
SYNGENE618,False
SYNGENE619,False
SYNGENE620,False
SYNGENE621,False
SYNGENE622,False
SYNGENE623,False
SYNGENE624,False
SYNGENE625,False
SYNGENE626,False
SYNGENE627,False
SYNGENE628,False
SYNGENE629,False
SYNGENE630,False
SYNGENE631,False
SYNGENE632,False
SYNGENE633,False
SYNGENE634,False
SYNGENE635,False
SYNGENE636,False
SYNGENE637,False
SYNGENE638,False
SYNGENE639,False
SYNGENE640,False
SYNGENE641,False
SYNGENE642,False
SYNGENE643,False
SYNGENE644,False
SYNGENE645,False
SYNGENE646,False
SYNGENE647,False
SYNGENE648,False
SYNGENE649,False
SYNGENE650,False
SYNGENE651,False
SYNGENE652,False
SYNGENE653,False
SYNGENE654,False
SYNGENE655,False
SYNGENE656,False
SYNGENE657,False
SYNGENE658,False
SYNGENE659,False
SYNGENE660,False
SYNGENE661,False
SYNGENE662,False
SYNGENE663,False
SYNGENE664,False
SYNGENE665,False
SYNGENE666,False
SYNGENE667,False
SYNGENE668,False
SYNGENE669,False
SYNGENE670,False
SYNGENE671,False
SYNGENE672,False
SYNGENE673,False
SYNGENE674,False
SYNGENE675,False
SYNGENE676,False
SYNGENE677,False
SYNGENE678,False
SYNGENE679,False
SYNGENE680,False
SYNGENE681,False
SYNGENE682,False
SYNGENE683,False
SYNGENE684,False
SYNGENE685,False
SYNGENE686,False
SYNGENE687,False
SYNGENE688,False
SYNGENE689,False
SYNGENE690,False
SYNGENE691,False
SYNGENE692,False
SYNGENE693,False
SYNGENE694,False
SYNGENE695,False
SYNGENE696,False
SYNGENE697,False
SYNGENE698,False
SYNGENE699,False
SYNGENE700,False
SYNGENE701,False
SYNGENE702,False
SYNGENE703,False
SYNGENE704,False
SYNGENE705,False
SYNGENE706,False
SYNGENE707,False
SYNGENE708,False
SYNGENE709,False
SYNGENE710,False
SYNGENE711,False
SYNGENE712,False
SYNGENE713,False
SYNGENE714,False
SYNGENE715,False
SYNGENE716,False
SYNGENE717,False
SYNGENE718,False
SYNGENE719,False
SYNGENE720,False
SYNGENE721,False
SYNGENE722,False
SYNGENE723,False
SYNGENE724,False
SYNGENE725,False
SYNGENE726,False
SYNGENE727,False
SYNGENE728,False
SYNGENE729,False
SYNGENE730,False
SYNGENE731,False
SYNGENE732,False
SYNGENE733,False
SYNGENE734,False
SYNGENE735,False
SYNGENE736,False
SYNGENE737,False
SYNGENE738,False
SYNGENE739,False
SYNGENE740,False
SYNGENE741,False
SYNGENE742,False
SYNGENE743,False
SYNGENE744,False
SYNGENE745,False
SYNGENE746,False
SYNGENE747,False
SYNGENE748,False
SYNGENE749,False
SYNGENE750,False
SYNGENE751,False
SYNGENE752,False
SYNGENE753,False
SYNGENE754,False
SYNGENE755,False
SYNGENE756,False
SYNGENE757,False
SYNGENE758,False
SYNGENE759,False
SYNGENE760,False
SYNGENE761,False
SYNGENE762,False
SYNGENE763,False
SYNGENE764,False
SYNGENE765,False
SYNGENE766,False
SYNGENE767,False
SYNGENE768,False
SYNGENE769,False
SYNGENE770,False
SYNGENE771,False
SYNGENE772,False
SYNGENE773,False
SYNGENE774,False
SYNGENE775,False
SYNGENE776,False
SYNGENE777,False
SYNGENE778,False
SYNGENE779,False
SYNGENE780,False
SYNGENE781,False
SYNGENE782,False
SYNGENE783,False
SYNGENE784,False
SYNGENE785,False
SYNGENE786,False
SYNGENE787,False
SYNGENE788,False
SYNGENE789,False
SYNGENE790,False
SYNGENE791,False
SYNGENE792,False
SYNGENE793,False
SYNGENE794,False
SYNGENE795,False
SYNGENE796,False
SYNGENE797,False
SYNGENE798,False
SYNGENE799,False
SYNGENE800,False
SYNGENE801,False
SYNGENE802,False
SYNGENE803,False
SYNGENE804,False
SYNGENE805,False
SYNGENE806,False
SYNGENE807,False
SYNGENE808,False
SYNGENE809,False
SYNGENE810,False
SYNGENE811,False
SYNGENE812,False
SYNGENE813,False
SYNGENE814,False
SYNGENE815,False
SYNGENE816,False
SYNGENE817,False
SYNGENE818,False
SYNGENE819,False
SYNGENE820,False
SYNGENE821,False
SYNGENE822,False
SYNGENE823,False
SYNGENE824,False
SYNGENE825,False
SYNGENE826,False
SYNGENE827,False
SYNGENE828,False
SYNGENE829,False
SYNGENE830,False
SYNGENE831,False
SYNGENE832,False
SYNGENE833,False
SYNGENE834,False
SYNGENE835,False
SYNGENE836,False
SYNGENE837,False
SYNGENE838,False
SYNGENE839,False
SYNGENE840,False
SYNGENE841,False
SYNGENE842,False
SYNGENE843,False
SYNGENE844,False
SYNGENE845,False
SYNGENE846,False
SYNGENE847,False
SYNGENE848,False
SYNGENE849,False
SYNGENE850,False
SYNGENE851,False
SYNGENE852,False
SYNGENE853,False
SYNGENE854,False
SYNGENE855,False
SYNGENE856,False
SYNGENE857,False
SYNGENE858,False
SYNGENE859,False
SYNGENE860,False
SYNGENE861,False
SYNGENE862,False
SYNGENE863,False
SYNGENE864,False
SYNGENE865,False
SYNGENE866,False
SYNGENE867,False
SYNGENE868,False
SYNGENE869,False
SYNGENE870,False
SYNGENE871,False
SYNGENE872,False
SYNGENE873,False
SYNGENE874,False
SYNGENE875,False
SYNGENE876,False
SYNGENE877,False
SYNGENE878,False
SYNGENE879,False
SYNGENE880,False
SYNGENE881,False
SYNGENE882,False
SYNGENE883,False
SYNGENE884,False
SYNGENE885,False
SYNGENE886,False
SYNGENE887,False
SYNGENE888,False
SYNGENE889,False
SYNGENE890,False
SYNGENE891,False
SYNGENE892,False
SYNGENE893,False
SYNGENE894,False
SYNGENE895,False
SYNGENE896,False
SYNGENE897,False
SYNGENE898,False
SYNGENE899,False
SYNGENE900,False
SYNGENE901,False
SYNGENE902,False
SYNGENE903,False
SYNGENE904,False
SYNGENE905,False
SYNGENE906,False
SYNGENE907,False
SYNGENE908,False
SYNGENE909,False
SYNGENE910,False
SYNGENE911,False
SYNGENE912,False
SYNGENE913,False
SYNGENE914,False
SYNGENE915,False
SYNGENE916,False
SYNGENE917,False
SYNGENE918,False
SYNGENE919,False
SYNGENE920,False
SYNGENE921,False
SYNGENE922,False
SYNGENE923,False
SYNGENE924,False
SYNGENE925,False
SYNGENE926,False
SYNGENE927,False
SYNGENE928,False
SYNGENE929,False
SYNGENE930,False
SYNGENE931,False
SYNGENE932,False
SYNGENE933,False
SYNGENE934,False
SYNGENE935,False
SYNGENE936,False
SYNGENE937,False
SYNGENE938,False
SYNGENE939,False
SYNGENE940,False
SYNGENE941,False
SYNGENE942,False
SYNGENE943,False
SYNGENE944,False
SYNGENE945,False
SYNGENE946,False
SYNGENE947,False
SYNGENE948,False
SYNGENE949,False
SYNGENE950,False
SYNGENE951,False
SYNGENE952,False
SYNGENE953,False
SYNGENE954,False
SYNGENE955,False
SYNGENE956,False
SYNGENE957,False
SYNGENE958,False
SYNGENE959,False
SYNGENE960,False
SYNGENE961,False
SYNGENE962,False
SYNGENE963,False
SYNGENE964,False
SYNGENE965,False
SYNGENE966,False
SYNGENE967,False
SYNGENE968,False
SYNGENE969,False
SYNGENE970,False
SYNGENE971,False
SYNGENE972,False
SYNGENE973,False
SYNGENE974,False
SYNGENE975,False
SYNGENE976,False
SYNGENE977,False
SYNGENE978,False
SYNGENE979,False
SYNGENE980,False
SYNGENE981,False
SYNGENE982,False
SYNGENE983,False
SYNGENE984,False
SYNGENE985,False
SYNGENE986,False
SYNGENE987,False
SYNGENE988,False
SYNGENE989,False
SYNGENE990,False
SYNGENE991,False
SYNGENE992,False
SYNGENE993,False
SYNGENE994,False
SYNGENE995,False
SYNGENE996,False
SYNGENE997,False
SYNGENE998,False
SYNGENE999,False
SYNGENE1000,False
SYNGENE1001,False
SYNGENE1002,False
SYNGENE1003,False
SYNGENE1004,False
SYNGENE1005,False
SYNGENE1006,False
SYNGENE1007,False
SYNGENE1008,False
SYNGENE1009,False
SYNGENE1010,False
SYNGENE1011,False
SYNGENE1012,False
SYNGENE1013,False
SYNGENE1014,False
SYNGENE1015,False
SYNGENE1016,False
SYNGENE1017,False
SYNGENE1018,False
SYNGENE1019,False
SYNGENE1020,False
SYNGENE1021,False
SYNGENE1022,False
SYNGENE1023,False
SYNGENE1024,False
SYNGENE1025,False
SYNGENE1026,False
SYNGENE1027,False
SYNGENE1028,False
SYNGENE1029,False
SYNGENE1030,False
SYNGENE1031,False
SYNGENE1032,False
SYNGENE1033,False
SYNGENE1034,False
SYNGENE1035,False
SYNGENE1036,False
SYNGENE1037,False
SYNGENE1038,False
SYNGENE1039,False
SYNGENE1040,False
SYNGENE1041,False
SYNGENE1042,False
SYNGENE1043,False
SYNGENE1044,False
SYNGENE1045,False
SYNGENE1046,False
SYNGENE1047,False
SYNGENE1048,False
SYNGENE1049,False
SYNGENE1050,False
SYNGENE1051,False
SYNGENE1052,False
SYNGENE1053,False
SYNGENE1054,False
SYNGENE1055,False
SYNGENE1056,False
SYNGENE1057,False
SYNGENE1058,False
SYNGENE1059,False
SYNGENE1060,False
SYNGENE1061,False
SYNGENE1062,False
SYNGENE1063,False
SYNGENE1064,False
SYNGENE1065,False
SYNGENE1066,False
SYNGENE1067,False
SYNGENE1068,False
SYNGENE1069,False
SYNGENE1070,False
SYNGENE1071,False
SYNGENE1072,False
SYNGENE1073,False
SYNGENE1074,False
SYNGENE1075,False
SYNGENE1076,False
SYNGENE1077,False
SYNGENE1078,False
SYNGENE1079,False
SYNGENE1080,False
SYNGENE1081,False
SYNGENE1082,False
SYNGENE1083,False
SYNGENE1084,False
SYNGENE1085,False
SYNGENE1086,False
SYNGENE1087,False
SYNGENE1088,False
SYNGENE1089,False
SYNGENE1090,False
SYNGENE1091,False
SYNGENE1092,False
SYNGENE1093,False
SYNGENE1094,False
SYNGENE1095,False
SYNGENE1096,False
SYNGENE1097,False
SYNGENE1098,False
SYNGENE1099,False
SYNGENE1100,False
SYNGENE1101,False
SYNGENE1102,False
SYNGENE1103,False
SYNGENE1104,False
SYNGENE1105,False
SYNGENE1106,False
SYNGENE1107,False
SYNGENE1108,False
SYNGENE1109,False
SYNGENE1110,False
SYNGENE1111,False
SYNGENE1112,False
SYNGENE1113,False
SYNGENE1114,False
SYNGENE1115,False
SYNGENE1116,False
SYNGENE1117,False
SYNGENE1118,False
SYNGENE1119,False
SYNGENE1120,False
SYNGENE1121,False
SYNGENE1122,False
SYNGENE1123,False
SYNGENE1124,False
SYNGENE1125,False
SYNGENE1126,False
SYNGENE1127,False
SYNGENE1128,False
SYNGENE1129,False
SYNGENE1130,False
SYNGENE1131,False
SYNGENE1132,False
SYNGENE1133,False
SYNGENE1134,False
SYNGENE1135,False
SYNGENE1136,False
SYNGENE1137,False
SYNGENE1138,False
SYNGENE1139,False
SYNGENE1140,False
SYNGENE1141,False
SYNGENE1142,False
SYNGENE1143,False
SYNGENE1144,False
SYNGENE1145,False
SYNGENE1146,False
SYNGENE1147,False
SYNGENE1148,False
SYNGENE1149,False
SYNGENE1150,False
SYNGENE1151,False
SYNGENE1152,False
SYNGENE1153,False
SYNGENE1154,False
SYNGENE1155,False
SYNGENE1156,False
SYNGENE1157,False
SYNGENE1158,False
SYNGENE1159,False
SYNGENE1160,False
SYNGENE1161,False
SYNGENE1162,False
SYNGENE1163,False
SYNGENE1164,False
SYNGENE1165,False
SYNGENE1166,False
SYNGENE1167,False
SYNGENE1168,False
SYNGENE1169,False
SYNGENE1170,False
SYNGENE1171,False
SYNGENE1172,False
SYNGENE1173,False
SYNGENE1174,False
SYNGENE1175,False
SYNGENE1176,False
SYNGENE1177,False
SYNGENE1178,False
SYNGENE1179,False
SYNGENE1180,False
SYNGENE1181,False
SYNGENE1182,False
SYNGENE1183,False
SYNGENE1184,False
SYNGENE1185,False
SYNGENE1186,False
SYNGENE1187,False
SYNGENE1188,False
SYNGENE1189,False
SYNGENE1190,False
SYNGENE1191,False
SYNGENE1192,False
SYNGENE1193,False
SYNGENE1194,False
SYNGENE1195,False
SYNGENE1196,False
SYNGENE1197,False
SYNGENE1198,False
SYNGENE1199,False
SYNGENE1200,False
SYNGENE1201,False
SYNGENE1202,False
SYNGENE1203,False
SYNGENE1204,False
SYNGENE1205,False
SYNGENE1206,False
SYNGENE1207,False
SYNGENE1208,False
SYNGENE1209,False
SYNGENE1210,False
SYNGENE1211,False
SYNGENE1212,False
SYNGENE1213,False
SYNGENE1214,False
SYNGENE1215,False
SYNGENE1216,False
SYNGENE1217,False
SYNGENE1218,False
SYNGENE1219,False
SYNGENE1220,False
SYNGENE1221,False
SYNGENE1222,False
SYNGENE1223,False
SYNGENE1224,False
SYNGENE1225,False
SYNGENE1226,False
SYNGENE1227,False
SYNGENE1228,False
SYNGENE1229,False
SYNGENE1230,False
SYNGENE1231,False
SYNGENE1232,False
SYNGENE1233,False
SYNGENE1234,False
SYNGENE1235,False
SYNGENE1236,False
SYNGENE1237,False
SYNGENE1238,False
SYNGENE1239,False
SYNGENE1240,False
SYNGENE1241,False
SYNGENE1242,False
SYNGENE1243,False
SYNGENE1244,False
SYNGENE1245,False
SYNGENE1246,False
SYNGENE1247,False
SYNGENE1248,False
SYNGENE1249,False
SYNGENE1250,False
SYNGENE1251,False
SYNGENE1252,False
SYNGENE1253,False
SYNGENE1254,False
SYNGENE1255,False
SYNGENE1256,False
SYNGENE1257,False
SYNGENE1258,False
SYNGENE1259,False
SYNGENE1260,False
SYNGENE1261,False
SYNGENE1262,False
SYNGENE1263,False
SYNGENE1264,False
SYNGENE1265,False
SYNGENE1266,False
SYNGENE1267,False
SYNGENE1268,False
SYNGENE1269,False
SYNGENE1270,False
SYNGENE1271,False
SYNGENE1272,False
SYNGENE1273,False
SYNGENE1274,False
SYNGENE1275,False
SYNGENE1276,False
SYNGENE1277,False
SYNGENE1278,False
SYNGENE1279,False
SYNGENE1280,False
SYNGENE1281,False
SYNGENE1282,False
SYNGENE1283,False
SYNGENE1284,False
SYNGENE1285,False
SYNGENE1286,False
SYNGENE1287,False
SYNGENE1288,False
SYNGENE1289,False
SYNGENE1290,False
SYNGENE1291,False
SYNGENE1292,False
SYNGENE1293,False
SYNGENE1294,False
SYNGENE1295,False
SYNGENE1296,False
SYNGENE1297,False
SYNGENE1298,False
SYNGENE1299,False
SYNGENE1300,False
SYNGENE1301,False
SYNGENE1302,False
SYNGENE1303,False
SYNGENE1304,False
SYNGENE1305,False
SYNGENE1306,False
SYNGENE1307,False
SYNGENE1308,False
SYNGENE1309,False
SYNGENE1310,False
SYNGENE1311,False
SYNGENE1312,False
SYNGENE1313,False
SYNGENE1314,False
SYNGENE1315,False
SYNGENE1316,False
SYNGENE1317,False
SYNGENE1318,False
SYNGENE1319,False
SYNGENE1320,False
SYNGENE1321,False
SYNGENE1322,False
SYNGENE1323,False
SYNGENE1324,False
SYNGENE1325,False
SYNGENE1326,False
SYNGENE1327,False
SYNGENE1328,False
SYNGENE1329,False
SYNGENE1330,False
SYNGENE1331,False
SYNGENE1332,False
SYNGENE1333,False
SYNGENE1334,False
SYNGENE1335,False
SYNGENE1336,False
SYNGENE1337,False
SYNGENE1338,False
SYNGENE1339,False
SYNGENE1340,False
SYNGENE1341,False
SYNGENE1342,False
SYNGENE1343,False
SYNGENE1344,False
SYNGENE1345,False
SYNGENE1346,False
SYNGENE1347,False
SYNGENE1348,False
SYNGENE1349,False
SYNGENE1350,False
SYNGENE1351,False
SYNGENE1352,False
SYNGENE1353,False
SYNGENE1354,False
SYNGENE1355,False
SYNGENE1356,False
SYNGENE1357,False
SYNGENE1358,False
SYNGENE1359,False
SYNGENE1360,False
SYNGENE1361,False
SYNGENE1362,False
SYNGENE1363,False
SYNGENE1364,False
SYNGENE1365,False
SYNGENE1366,False
SYNGENE1367,False
SYNGENE1368,False
SYNGENE1369,False
SYNGENE1370,False
SYNGENE1371,False
SYNGENE1372,False
SYNGENE1373,False
SYNGENE1374,False
SYNGENE1375,False
SYNGENE1376,False
SYNGENE1377,False
SYNGENE1378,False
SYNGENE1379,False
SYNGENE1380,False
SYNGENE1381,False
SYNGENE1382,False
SYNGENE1383,False
SYNGENE1384,False
SYNGENE1385,False
SYNGENE1386,False
SYNGENE1387,False
SYNGENE1388,False
SYNGENE1389,False
SYNGENE1390,False
SYNGENE1391,False
SYNGENE1392,False
SYNGENE1393,False
SYNGENE1394,False
SYNGENE1395,False
SYNGENE1396,False
SYNGENE1397,False
SYNGENE1398,False
SYNGENE1399,False
SYNGENE1400,False
SYNGENE1401,False
SYNGENE1402,False
SYNGENE1403,False
SYNGENE1404,False
SYNGENE1405,False
SYNGENE1406,False
SYNGENE1407,False
SYNGENE1408,False
SYNGENE1409,False
SYNGENE1410,False
SYNGENE1411,False
SYNGENE1412,False
SYNGENE1413,False
SYNGENE1414,False
SYNGENE1415,False
SYNGENE1416,False
SYNGENE1417,False
SYNGENE1418,False
SYNGENE1419,False
SYNGENE1420,False
SYNGENE1421,False
SYNGENE1422,False
SYNGENE1423,False
SYNGENE1424,False
SYNGENE1425,False
SYNGENE1426,False
SYNGENE1427,False
SYNGENE1428,False
SYNGENE1429,False
SYNGENE1430,False
SYNGENE1431,False
SYNGENE1432,False
SYNGENE1433,False
SYNGENE1434,False
SYNGENE1435,False
SYNGENE1436,False
SYNGENE1437,False
SYNGENE1438,False
SYNGENE1439,False
SYNGENE1440,False
SYNGENE1441,False
SYNGENE1442,False
SYNGENE1443,False
SYNGENE1444,False
SYNGENE1445,False
SYNGENE1446,False
SYNGENE1447,False
SYNGENE1448,False
SYNGENE1449,False
SYNGENE1450,False
SYNGENE1451,False
SYNGENE1452,False
SYNGENE1453,False
SYNGENE1454,False
SYNGENE1455,False
SYNGENE1456,False
SYNGENE1457,False
SYNGENE1458,False
SYNGENE1459,False
SYNGENE1460,False
SYNGENE1461,False
SYNGENE1462,False
SYNGENE1463,False
SYNGENE1464,False
SYNGENE1465,False
SYNGENE1466,False
SYNGENE1467,False
SYNGENE1468,False
SYNGENE1469,False
SYNGENE1470,False
SYNGENE1471,False
SYNGENE1472,False
SYNGENE1473,False
SYNGENE1474,False
SYNGENE1475,False
SYNGENE1476,False
SYNGENE1477,False
SYNGENE1478,False
SYNGENE1479,False
SYNGENE1480,False
SYNGENE1481,False
SYNGENE1482,False
SYNGENE1483,False
SYNGENE1484,False
SYNGENE1485,False
SYNGENE1486,False
SYNGENE1487,False
SYNGENE1488,False
SYNGENE1489,False
SYNGENE1490,False
SYNGENE1491,False
SYNGENE1492,False
SYNGENE1493,False
SYNGENE1494,False
SYNGENE1495,False
SYNGENE1496,False
SYNGENE1497,False
SYNGENE1498,False
SYNGENE1499,False
SYNGENE1500,False
SYNGENE1501,False
SYNGENE1502,False
SYNGENE1503,False
SYNGENE1504,False
SYNGENE1505,False
SYNGENE1506,False
SYNGENE1507,False
SYNGENE1508,False
SYNGENE1509,False
SYNGENE1510,False
SYNGENE1511,False
SYNGENE1512,False
SYNGENE1513,False
SYNGENE1514,False
SYNGENE1515,False
SYNGENE1516,False
SYNGENE1517,False
SYNGENE1518,False
SYNGENE1519,False
SYNGENE1520,False
SYNGENE1521,False
SYNGENE1522,False
SYNGENE1523,False
SYNGENE1524,False
SYNGENE1525,False
SYNGENE1526,False
SYNGENE1527,False
SYNGENE1528,False
SYNGENE1529,False
SYNGENE1530,False
SYNGENE1531,False
SYNGENE1532,False
SYNGENE1533,False
SYNGENE1534,False
SYNGENE1535,False
SYNGENE1536,False
SYNGENE1537,False
SYNGENE1538,False
SYNGENE1539,False
SYNGENE1540,False
SYNGENE1541,False
SYNGENE1542,False
SYNGENE1543,False
SYNGENE1544,False
SYNGENE1545,False
SYNGENE1546,False
SYNGENE1547,False
SYNGENE1548,False
SYNGENE1549,False
SYNGENE1550,False
SYNGENE1551,False
SYNGENE1552,False
SYNGENE1553,False
SYNGENE1554,False
SYNGENE1555,False
SYNGENE1556,False
SYNGENE1557,False
SYNGENE1558,False
SYNGENE1559,False
SYNGENE1560,False
SYNGENE1561,False
SYNGENE1562,False
SYNGENE1563,False
SYNGENE1564,False
SYNGENE1565,False
SYNGENE1566,False
SYNGENE1567,False
SYNGENE1568,False
SYNGENE1569,False
SYNGENE1570,False
SYNGENE1571,False
SYNGENE1572,False
SYNGENE1573,False
SYNGENE1574,False
SYNGENE1575,False
SYNGENE1576,False
SYNGENE1577,False
SYNGENE1578,False
SYNGENE1579,False
SYNGENE1580,False
SYNGENE1581,False
SYNGENE1582,False
SYNGENE1583,False
SYNGENE1584,False
SYNGENE1585,False
SYNGENE1586,False
SYNGENE1587,False
SYNGENE1588,False
SYNGENE1589,False
SYNGENE1590,False
SYNGENE1591,False
SYNGENE1592,False
SYNGENE1593,False
SYNGENE1594,False
SYNGENE1595,False
SYNGENE1596,False
SYNGENE1597,False
SYNGENE1598,False
SYNGENE1599,False
SYNGENE1600,False
SYNGENE1601,False
SYNGENE1602,False
SYNGENE1603,False
SYNGENE1604,False
SYNGENE1605,False
SYNGENE1606,False
SYNGENE1607,False
SYNGENE1608,False
SYNGENE1609,False
SYNGENE1610,False
SYNGENE1611,False
SYNGENE1612,False
SYNGENE1613,False
SYNGENE1614,False
SYNGENE1615,False
SYNGENE1616,False
SYNGENE1617,False
SYNGENE1618,False
SYNGENE1619,False
SYNGENE1620,False
SYNGENE1621,False
SYNGENE1622,False
SYNGENE1623,False
SYNGENE1624,False
SYNGENE1625,False
SYNGENE1626,False
SYNGENE1627,False
SYNGENE1628,False
SYNGENE1629,False
SYNGENE1630,False
SYNGENE1631,False
SYNGENE1632,False
SYNGENE1633,False
SYNGENE1634,False
SYNGENE1635,False
SYNGENE1636,False
SYNGENE1637,False
SYNGENE1638,False
SYNGENE1639,False
SYNGENE1640,False
SYNGENE1641,False
SYNGENE1642,False
SYNGENE1643,False
SYNGENE1644,False
SYNGENE1645,False
SYNGENE1646,False
SYNGENE1647,False
SYNGENE1648,False
SYNGENE1649,False
SYNGENE1650,False
SYNGENE1651,False
SYNGENE1652,False
SYNGENE1653,False
SYNGENE1654,False
SYNGENE1655,False
SYNGENE1656,False
SYNGENE1657,False
SYNGENE1658,False
SYNGENE1659,False
SYNGENE1660,False
SYNGENE1661,False
SYNGENE1662,False
SYNGENE1663,False
SYNGENE1664,False
SYNGENE1665,False
SYNGENE1666,False
SYNGENE1667,False
SYNGENE1668,False
SYNGENE1669,False
SYNGENE1670,False
SYNGENE1671,False
SYNGENE1672,False
SYNGENE1673,False
SYNGENE1674,False
SYNGENE1675,False
SYNGENE1676,False
SYNGENE1677,False
SYNGENE1678,False
SYNGENE1679,False
SYNGENE1680,False
SYNGENE1681,False
SYNGENE1682,False
SYNGENE1683,False
SYNGENE1684,False
SYNGENE1685,False
SYNGENE1686,False
SYNGENE1687,False
SYNGENE1688,False
SYNGENE1689,False
SYNGENE1690,False
SYNGENE1691,False
SYNGENE1692,False
SYNGENE1693,False
SYNGENE1694,False
SYNGENE1695,False
SYNGENE1696,False
SYNGENE1697,False
SYNGENE1698,False
SYNGENE1699,False
SYNGENE1700,False
SYNGENE1701,False
SYNGENE1702,False
SYNGENE1703,False
SYNGENE1704,False
SYNGENE1705,False
SYNGENE1706,False
SYNGENE1707,False
SYNGENE1708,False
SYNGENE1709,False
SYNGENE1710,False
SYNGENE1711,False
SYNGENE1712,False
SYNGENE1713,False
SYNGENE1714,False
SYNGENE1715,False
SYNGENE1716,False
SYNGENE1717,False
SYNGENE1718,False
SYNGENE1719,False
SYNGENE1720,False
SYNGENE1721,False
SYNGENE1722,False
SYNGENE1723,False
SYNGENE1724,False
SYNGENE1725,False
SYNGENE1726,False
SYNGENE1727,False
SYNGENE1728,False
SYNGENE1729,False
SYNGENE1730,False
SYNGENE1731,False
SYNGENE1732,False
SYNGENE1733,False
SYNGENE1734,False
SYNGENE1735,False
SYNGENE1736,False
SYNGENE1737,False
SYNGENE1738,False
SYNGENE1739,False
SYNGENE1740,False
SYNGENE1741,False
SYNGENE1742,False
SYNGENE1743,False
SYNGENE1744,False
SYNGENE1745,False
SYNGENE1746,False
SYNGENE1747,False
SYNGENE1748,False
SYNGENE1749,False
SYNGENE1750,False
SYNGENE1751,False
SYNGENE1752,False
SYNGENE1753,False
SYNGENE1754,False
SYNGENE1755,False
SYNGENE1756,False
SYNGENE1757,False
SYNGENE1758,False
SYNGENE1759,False
SYNGENE1760,False
SYNGENE1761,False
SYNGENE1762,False
SYNGENE1763,False
SYNGENE1764,False
SYNGENE1765,False
SYNGENE1766,False
SYNGENE1767,False
SYNGENE1768,False
SYNGENE1769,False
SYNGENE1770,False
SYNGENE1771,False
SYNGENE1772,False
SYNGENE1773,False
SYNGENE1774,False
SYNGENE1775,False
SYNGENE1776,False
SYNGENE1777,False
SYNGENE1778,False
SYNGENE1779,False
SYNGENE1780,False
SYNGENE1781,False
SYNGENE1782,False
SYNGENE1783,False
SYNGENE1784,False
SYNGENE1785,False
SYNGENE1786,False
SYNGENE1787,False
SYNGENE1788,False
SYNGENE1789,False
SYNGENE1790,False
SYNGENE1791,False
SYNGENE1792,False
SYNGENE1793,False
SYNGENE1794,False
SYNGENE1795,False
SYNGENE1796,False
SYNGENE1797,False
SYNGENE1798,False
SYNGENE1799,False
SYNGENE1800,False
SYNGENE1801,False
SYNGENE1802,False
SYNGENE1803,False
SYNGENE1804,False
SYNGENE1805,False
SYNGENE1806,False
SYNGENE1807,False
SYNGENE1808,False
SYNGENE1809,False
SYNGENE1810,False
SYNGENE1811,False
SYNGENE1812,False
SYNGENE1813,False
SYNGENE1814,False
SYNGENE1815,False
SYNGENE1816,False
SYNGENE1817,False
SYNGENE1818,False
SYNGENE1819,False
SYNGENE1820,False
SYNGENE1821,False
SYNGENE1822,False
SYNGENE1823,False
SYNGENE1824,False
SYNGENE1825,False
SYNGENE1826,False
SYNGENE1827,False
SYNGENE1828,False
SYNGENE1829,False
SYNGENE1830,False
SYNGENE1831,False
SYNGENE1832,False
SYNGENE1833,False
SYNGENE1834,False
SYNGENE1835,False
SYNGENE1836,False
SYNGENE1837,False
SYNGENE1838,False
SYNGENE1839,False
SYNGENE1840,False
SYNGENE1841,False
SYNGENE1842,False
SYNGENE1843,False
SYNGENE1844,False
SYNGENE1845,False
SYNGENE1846,False
SYNGENE1847,False
SYNGENE1848,False
SYNGENE1849,False
SYNGENE1850,False
SYNGENE1851,False
SYNGENE1852,False
SYNGENE1853,False
SYNGENE1854,False
SYNGENE1855,False
SYNGENE1856,False
SYNGENE1857,False
SYNGENE1858,False
SYNGENE1859,False
SYNGENE1860,False
SYNGENE1861,False
SYNGENE1862,False
SYNGENE1863,False
SYNGENE1864,False
SYNGENE1865,False
SYNGENE1866,False
SYNGENE1867,False
SYNGENE1868,False
SYNGENE1869,False
SYNGENE1870,False
SYNGENE1871,False
SYNGENE1872,False
SYNGENE1873,False
SYNGENE1874,False
SYNGENE1875,False
SYNGENE1876,False
SYNGENE1877,False
SYNGENE1878,False
SYNGENE1879,False
SYNGENE1880,False
SYNGENE1881,False
SYNGENE1882,False
SYNGENE1883,False
SYNGENE1884,False
SYNGENE1885,False
SYNGENE1886,False
SYNGENE1887,False
SYNGENE1888,False
SYNGENE1889,False
SYNGENE1890,False
SYNGENE1891,False
SYNGENE1892,False
SYNGENE1893,False
SYNGENE1894,False
SYNGENE1895,False
SYNGENE1896,False
SYNGENE1897,False
SYNGENE1898,False
SYNGENE1899,False
SYNGENE1900,False
SYNGENE1901,False
SYNGENE1902,False
SYNGENE1903,False
SYNGENE1904,False
SYNGENE1905,False
SYNGENE1906,False
SYNGENE1907,False
SYNGENE1908,False
SYNGENE1909,False
SYNGENE1910,False
SYNGENE1911,False
SYNGENE1912,False
SYNGENE1913,False
SYNGENE1914,False
SYNGENE1915,False
SYNGENE1916,False
SYNGENE1917,False
SYNGENE1918,False
SYNGENE1919,False
SYNGENE1920,False
SYNGENE1921,False
SYNGENE1922,False
SYNGENE1923,False
SYNGENE1924,False
SYNGENE1925,False
SYNGENE1926,False
SYNGENE1927,False
SYNGENE1928,False
SYNGENE1929,False
SYNGENE1930,False
SYNGENE1931,False
SYNGENE1932,False
SYNGENE1933,False
SYNGENE1934,False
SYNGENE1935,False
SYNGENE1936,False
SYNGENE1937,False
SYNGENE1938,False
SYNGENE1939,False
SYNGENE1940,False
SYNGENE1941,False
SYNGENE1942,False
SYNGENE1943,False
SYNGENE1944,False
SYNGENE1945,False
SYNGENE1946,False
SYNGENE1947,False
SYNGENE1948,False
SYNGENE1949,False
SYNGENE1950,False
SYNGENE1951,False
SYNGENE1952,False
SYNGENE1953,False
SYNGENE1954,False
SYNGENE1955,False
SYNGENE1956,False
SYNGENE1957,False
SYNGENE1958,False
SYNGENE1959,False
SYNGENE1960,False
SYNGENE1961,False
SYNGENE1962,False
SYNGENE1963,False
SYNGENE1964,False
SYNGENE1965,False
SYNGENE1966,False
SYNGENE1967,False
SYNGENE1968,False
SYNGENE1969,False
SYNGENE1970,False
SYNGENE1971,False
SYNGENE1972,False
SYNGENE1973,False
SYNGENE1974,False
SYNGENE1975,False
SYNGENE1976,False
SYNGENE1977,False
SYNGENE1978,False
SYNGENE1979,False
SYNGENE1980,False
SYNGENE1981,False
SYNGENE1982,False
SYNGENE1983,False
SYNGENE1984,False
SYNGENE1985,False
SYNGENE1986,False
SYNGENE1987,False
SYNGENE1988,False
SYNGENE1989,False
SYNGENE1990,False
SYNGENE1991,False
SYNGENE1992,False
SYNGENE1993,False
SYNGENE1994,False
SYNGENE1995,False
SYNGENE1996,False
SYNGENE1997,False
SYNGENE1998,False
SYNGENE1999,False
SYNGENE2000,False
SYNGENE2001,False
SYNGENE2002,False
SYNGENE2003,False
SYNGENE2004,False
SYNGENE2005,False
SYNGENE2006,False
SYNGENE2007,False
SYNGENE2008,False
SYNGENE2009,False
SYNGENE2010,False
SYNGENE2011,False
SYNGENE2012,False
SYNGENE2013,False
SYNGENE2014,False
SYNGENE2015,False
SYNGENE2016,False
SYNGENE2017,False
SYNGENE2018,False
SYNGENE2019,False
SYNGENE2020,False
SYNGENE2021,False
SYNGENE2022,False
SYNGENE2023,False
SYNGENE2024,False
SYNGENE2025,False
SYNGENE2026,False
SYNGENE2027,False
SYNGENE2028,False
SYNGENE2029,False
SYNGENE2030,False
SYNGENE2031,False
SYNGENE2032,False
SYNGENE2033,False
SYNGENE2034,False
SYNGENE2035,False
SYNGENE2036,False
SYNGENE2037,False
SYNGENE2038,False
SYNGENE2039,False
SYNGENE2040,False
SYNGENE2041,False
SYNGENE2042,False
SYNGENE2043,False
SYNGENE2044,False
SYNGENE2045,False
SYNGENE2046,False
SYNGENE2047,False
SYNGENE2048,False
SYNGENE2049,False
SYNGENE2050,False
SYNGENE2051,False
SYNGENE2052,False
SYNGENE2053,False
SYNGENE2054,False
SYNGENE2055,False
SYNGENE2056,False
SYNGENE2057,False
SYNGENE2058,False
SYNGENE2059,False
SYNGENE2060,False
SYNGENE2061,False
SYNGENE2062,False
SYNGENE2063,False
SYNGENE2064,False
SYNGENE2065,False
SYNGENE2066,False
SYNGENE2067,False
SYNGENE2068,False
SYNGENE2069,False
SYNGENE2070,False
SYNGENE2071,False
SYNGENE2072,False
SYNGENE2073,False
SYNGENE2074,False
SYNGENE2075,False
SYNGENE2076,False
SYNGENE2077,False
SYNGENE2078,False
SYNGENE2079,False
SYNGENE2080,False
SYNGENE2081,False
SYNGENE2082,False
SYNGENE2083,False
SYNGENE2084,False
SYNGENE2085,False
SYNGENE2086,False
SYNGENE2087,False
SYNGENE2088,False
SYNGENE2089,False
SYNGENE2090,False
SYNGENE2091,False
SYNGENE2092,False
SYNGENE2093,False
SYNGENE2094,False
SYNGENE2095,False
SYNGENE2096,False
SYNGENE2097,False
SYNGENE2098,False
SYNGENE2099,False
SYNGENE2100,False
SYNGENE2101,False
SYNGENE2102,False
SYNGENE2103,False
SYNGENE2104,False
SYNGENE2105,False
SYNGENE2106,False
SYNGENE2107,False
SYNGENE2108,False
SYNGENE2109,False
SYNGENE2110,False
SYNGENE2111,False
SYNGENE2112,False
SYNGENE2113,False
SYNGENE2114,False
SYNGENE2115,False
SYNGENE2116,False
SYNGENE2117,False
SYNGENE2118,False
SYNGENE2119,False
SYNGENE2120,False
SYNGENE2121,False
SYNGENE2122,False
SYNGENE2123,False
SYNGENE2124,False
SYNGENE2125,False
SYNGENE2126,False
SYNGENE2127,False
SYNGENE2128,False
SYNGENE2129,False
SYNGENE2130,False
SYNGENE2131,False
SYNGENE2132,False
SYNGENE2133,False
SYNGENE2134,False
SYNGENE2135,False
SYNGENE2136,False
SYNGENE2137,False
SYNGENE2138,False
SYNGENE2139,False
SYNGENE2140,False
SYNGENE2141,False
SYNGENE2142,False
SYNGENE2143,False
SYNGENE2144,False
SYNGENE2145,False
SYNGENE2146,False
SYNGENE2147,False
SYNGENE2148,False
SYNGENE2149,False
SYNGENE2150,False
SYNGENE2151,False
SYNGENE2152,False
SYNGENE2153,False
SYNGENE2154,False
SYNGENE2155,False
SYNGENE2156,False
SYNGENE2157,False
SYNGENE2158,False
SYNGENE2159,False
SYNGENE2160,False
SYNGENE2161,False
SYNGENE2162,False
SYNGENE2163,False
SYNGENE2164,False
SYNGENE2165,False
SYNGENE2166,False
SYNGENE2167,False
SYNGENE2168,False
SYNGENE2169,False
SYNGENE2170,False
SYNGENE2171,False
SYNGENE2172,False
SYNGENE2173,False
SYNGENE2174,False
SYNGENE2175,False
SYNGENE2176,False
SYNGENE2177,False
SYNGENE2178,False
SYNGENE2179,False
SYNGENE2180,False
SYNGENE2181,False
SYNGENE2182,False
SYNGENE2183,False
SYNGENE2184,False
SYNGENE2185,False
SYNGENE2186,False
SYNGENE2187,False
SYNGENE2188,False
SYNGENE2189,False
SYNGENE2190,False
SYNGENE2191,False
SYNGENE2192,False
SYNGENE2193,False
SYNGENE2194,False
SYNGENE2195,False
SYNGENE2196,False
SYNGENE2197,False
SYNGENE2198,False
SYNGENE2199,False
SYNGENE2200,False
SYNGENE2201,False
SYNGENE2202,False
SYNGENE2203,False
SYNGENE2204,False
SYNGENE2205,False
SYNGENE2206,False
SYNGENE2207,False
SYNGENE2208,False
SYNGENE2209,False
SYNGENE2210,False
SYNGENE2211,False
SYNGENE2212,False
SYNGENE2213,False
SYNGENE2214,False
SYNGENE2215,False
SYNGENE2216,False
SYNGENE2217,False
SYNGENE2218,False
SYNGENE2219,False
SYNGENE2220,False
SYNGENE2221,False
SYNGENE2222,False
SYNGENE2223,False
SYNGENE2224,False
SYNGENE2225,False
SYNGENE2226,False
SYNGENE2227,False
SYNGENE2228,False
SYNGENE2229,False
SYNGENE2230,False
SYNGENE2231,False
SYNGENE2232,False
SYNGENE2233,False
SYNGENE2234,False
SYNGENE2235,False
SYNGENE2236,False
SYNGENE2237,False
SYNGENE2238,False
SYNGENE2239,False
SYNGENE2240,False
SYNGENE2241,False
SYNGENE2242,False
SYNGENE2243,False
SYNGENE2244,False
SYNGENE2245,False
SYNGENE2246,False
SYNGENE2247,False
SYNGENE2248,False
SYNGENE2249,False
SYNGENE2250,False
SYNGENE2251,False
SYNGENE2252,False
SYNGENE2253,False
SYNGENE2254,False
SYNGENE2255,False
SYNGENE2256,False
SYNGENE2257,False
SYNGENE2258,False
SYNGENE2259,False
SYNGENE2260,False
SYNGENE2261,False
SYNGENE2262,False
SYNGENE2263,False
SYNGENE2264,False
SYNGENE2265,False
SYNGENE2266,False
SYNGENE2267,False
SYNGENE2268,False
SYNGENE2269,False
SYNGENE2270,False
SYNGENE2271,False
SYNGENE2272,False
SYNGENE2273,False
SYNGENE2274,False
SYNGENE2275,False
SYNGENE2276,False
SYNGENE2277,False
SYNGENE2278,False
SYNGENE2279,False
SYNGENE2280,False
SYNGENE2281,False
SYNGENE2282,False
SYNGENE2283,False
SYNGENE2284,False
SYNGENE2285,False
SYNGENE2286,False
SYNGENE2287,False
SYNGENE2288,False
SYNGENE2289,False
SYNGENE2290,False
SYNGENE2291,False
SYNGENE2292,False
SYNGENE2293,False
SYNGENE2294,False
SYNGENE2295,False
SYNGENE2296,False
SYNGENE2297,False
SYNGENE2298,False
SYNGENE2299,False
SYNGENE2300,False
SYNGENE2301,False
SYNGENE2302,False
SYNGENE2303,False
SYNGENE2304,False
SYNGENE2305,False
SYNGENE2306,False
SYNGENE2307,False
SYNGENE2308,False
SYNGENE2309,False
SYNGENE2310,False
SYNGENE2311,False
SYNGENE2312,False
SYNGENE2313,False
SYNGENE2314,False
SYNGENE2315,False
SYNGENE2316,False
SYNGENE2317,False
SYNGENE2318,False
SYNGENE2319,False
SYNGENE2320,False
SYNGENE2321,False
SYNGENE2322,False
SYNGENE2323,False
SYNGENE2324,False
SYNGENE2325,False
SYNGENE2326,False
SYNGENE2327,False
SYNGENE2328,False
SYNGENE2329,False
SYNGENE2330,False
SYNGENE2331,False
SYNGENE2332,False
SYNGENE2333,False
SYNGENE2334,False
SYNGENE2335,False
SYNGENE2336,False
SYNGENE2337,False
SYNGENE2338,False
SYNGENE2339,False
SYNGENE2340,False
SYNGENE2341,False
SYNGENE2342,False
SYNGENE2343,False
SYNGENE2344,False
SYNGENE2345,False
SYNGENE2346,False
SYNGENE2347,False
SYNGENE2348,False
SYNGENE2349,False
SYNGENE2350,False
SYNGENE2351,False
SYNGENE2352,False
SYNGENE2353,False
SYNGENE2354,False
SYNGENE2355,False
SYNGENE2356,False
SYNGENE2357,False
SYNGENE2358,False
SYNGENE2359,False
SYNGENE2360,False
SYNGENE2361,False
SYNGENE2362,False
SYNGENE2363,False
SYNGENE2364,False
SYNGENE2365,False
SYNGENE2366,False
SYNGENE2367,False
SYNGENE2368,False
SYNGENE2369,False
SYNGENE2370,False
SYNGENE2371,False
SYNGENE2372,False
SYNGENE2373,False
SYNGENE2374,False
SYNGENE2375,False
SYNGENE2376,False
SYNGENE2377,False
SYNGENE2378,False
SYNGENE2379,False
SYNGENE2380,False
SYNGENE2381,False
SYNGENE2382,False
SYNGENE2383,False
SYNGENE2384,False
SYNGENE2385,False
SYNGENE2386,False
SYNGENE2387,False
SYNGENE2388,False
SYNGENE2389,False
SYNGENE2390,False
SYNGENE2391,False
SYNGENE2392,False
SYNGENE2393,False
SYNGENE2394,False
SYNGENE2395,False
SYNGENE2396,False
SYNGENE2397,False
SYNGENE2398,False
SYNGENE2399,False
SYNGENE2400,False
SYNGENE2401,False
SYNGENE2402,False
SYNGENE2403,False
SYNGENE2404,False
SYNGENE2405,False
SYNGENE2406,False
SYNGENE2407,False
SYNGENE2408,False
SYNGENE2409,False
SYNGENE2410,False
SYNGENE2411,False
SYNGENE2412,False
SYNGENE2413,False
SYNGENE2414,False
SYNGENE2415,False
SYNGENE2416,False
SYNGENE2417,False
SYNGENE2418,False
SYNGENE2419,False
SYNGENE2420,False
SYNGENE2421,False
SYNGENE2422,False
SYNGENE2423,False
SYNGENE2424,False
SYNGENE2425,False
SYNGENE2426,False
SYNGENE2427,False
SYNGENE2428,False
SYNGENE2429,False
SYNGENE2430,False
SYNGENE2431,False
SYNGENE2432,False
SYNGENE2433,False
SYNGENE2434,False
SYNGENE2435,False
SYNGENE2436,False
SYNGENE2437,False
SYNGENE2438,False
SYNGENE2439,False
SYNGENE2440,False
SYNGENE2441,False
SYNGENE2442,False
SYNGENE2443,False
SYNGENE2444,False
SYNGENE2445,False
SYNGENE2446,False
SYNGENE2447,False
SYNGENE2448,False
SYNGENE2449,False
SYNGENE2450,False
SYNGENE2451,False
SYNGENE2452,False
SYNGENE2453,False
SYNGENE2454,False
SYNGENE2455,False
SYNGENE2456,False
SYNGENE2457,False
SYNGENE2458,False
SYNGENE2459,False
SYNGENE2460,False
SYNGENE2461,False
SYNGENE2462,False
SYNGENE2463,False
SYNGENE2464,False
SYNGENE2465,False
SYNGENE2466,False
SYNGENE2467,False
SYNGENE2468,False
SYNGENE2469,False
SYNGENE2470,False
SYNGENE2471,False
SYNGENE2472,False
SYNGENE2473,False
SYNGENE2474,False
SYNGENE2475,False
SYNGENE2476,False
SYNGENE2477,False
SYNGENE2478,False
SYNGENE2479,False
SYNGENE2480,False
SYNGENE2481,False
SYNGENE2482,False
SYNGENE2483,False
SYNGENE2484,False
SYNGENE2485,False
SYNGENE2486,False
SYNGENE2487,False
SYNGENE2488,False
SYNGENE2489,False
SYNGENE2490,False
SYNGENE2491,False
SYNGENE2492,False
SYNGENE2493,False
SYNGENE2494,False
SYNGENE2495,False
SYNGENE2496,False
SYNGENE2497,False
SYNGENE2498,False
SYNGENE2499,False
SYNGENE2500,False
SYNGENE2501,False
SYNGENE2502,False
SYNGENE2503,False
SYNGENE2504,False
SYNGENE2505,False
SYNGENE2506,False
SYNGENE2507,False
SYNGENE2508,False
SYNGENE2509,False
SYNGENE2510,False
SYNGENE2511,False
SYNGENE2512,False
SYNGENE2513,False
SYNGENE2514,False
SYNGENE2515,False
SYNGENE2516,False
SYNGENE2517,False
SYNGENE2518,False
SYNGENE2519,False
SYNGENE2520,False
SYNGENE2521,False
SYNGENE2522,False
SYNGENE2523,False
SYNGENE2524,False
SYNGENE2525,False
SYNGENE2526,False
SYNGENE2527,False
SYNGENE2528,False
SYNGENE2529,False
SYNGENE2530,False
SYNGENE2531,False
SYNGENE2532,False
SYNGENE2533,False
SYNGENE2534,False
SYNGENE2535,False
SYNGENE2536,False
SYNGENE2537,False
SYNGENE2538,False
SYNGENE2539,False
SYNGENE2540,False
SYNGENE2541,False
SYNGENE2542,False
SYNGENE2543,False
SYNGENE2544,False
SYNGENE2545,False
SYNGENE2546,False
SYNGENE2547,False
SYNGENE2548,False
SYNGENE2549,False
SYNGENE2550,False
SYNGENE2551,False
SYNGENE2552,False
SYNGENE2553,False
SYNGENE2554,False
SYNGENE2555,False
SYNGENE2556,False
SYNGENE2557,False
SYNGENE2558,False
SYNGENE2559,False
SYNGENE2560,False
SYNGENE2561,False
SYNGENE2562,False
SYNGENE2563,False
SYNGENE2564,False
SYNGENE2565,False
SYNGENE2566,False
SYNGENE2567,False
SYNGENE2568,False
SYNGENE2569,False
SYNGENE2570,False
SYNGENE2571,False
SYNGENE2572,False
SYNGENE2573,False
SYNGENE2574,False
SYNGENE2575,False
SYNGENE2576,False
SYNGENE2577,False
SYNGENE2578,False
SYNGENE2579,False
SYNGENE2580,False
SYNGENE2581,False
SYNGENE2582,False
SYNGENE2583,False
SYNGENE2584,False
SYNGENE2585,False
SYNGENE2586,False
SYNGENE2587,False
SYNGENE2588,False
SYNGENE2589,False
SYNGENE2590,False
SYNGENE2591,False
SYNGENE2592,False
SYNGENE2593,False
SYNGENE2594,False
SYNGENE2595,False
SYNGENE2596,False
SYNGENE2597,False
SYNGENE2598,False
SYNGENE2599,False
SYNGENE2600,False
SYNGENE2601,False
SYNGENE2602,False
SYNGENE2603,False
SYNGENE2604,False
SYNGENE2605,False
SYNGENE2606,False
SYNGENE2607,False
SYNGENE2608,False
SYNGENE2609,False
SYNGENE2610,False
SYNGENE2611,False
SYNGENE2612,False
SYNGENE2613,False
SYNGENE2614,False
SYNGENE2615,False
SYNGENE2616,False
SYNGENE2617,False
SYNGENE2618,False
SYNGENE2619,False
SYNGENE2620,False
SYNGENE2621,False
SYNGENE2622,False
SYNGENE2623,False
SYNGENE2624,False
SYNGENE2625,False
SYNGENE2626,False
SYNGENE2627,False
SYNGENE2628,False
SYNGENE2629,False
SYNGENE2630,False
SYNGENE2631,False
SYNGENE2632,False
SYNGENE2633,False
SYNGENE2634,False
SYNGENE2635,False
SYNGENE2636,False
SYNGENE2637,False
SYNGENE2638,False
SYNGENE2639,False
SYNGENE2640,False
SYNGENE2641,False
SYNGENE2642,False
SYNGENE2643,False
SYNGENE2644,False
SYNGENE2645,False
SYNGENE2646,False
SYNGENE2647,False
SYNGENE2648,False
SYNGENE2649,False
SYNGENE2650,False
SYNGENE2651,False
SYNGENE2652,False
SYNGENE2653,False
SYNGENE2654,False
SYNGENE2655,False
SYNGENE2656,False
SYNGENE2657,False
SYNGENE2658,False
SYNGENE2659,False
SYNGENE2660,False
SYNGENE2661,False
SYNGENE2662,False
SYNGENE2663,False
SYNGENE2664,False
SYNGENE2665,False
SYNGENE2666,False
SYNGENE2667,False
SYNGENE2668,False
SYNGENE2669,False
SYNGENE2670,False
SYNGENE2671,False
SYNGENE2672,False
SYNGENE2673,False
SYNGENE2674,False
SYNGENE2675,False
SYNGENE2676,False
SYNGENE2677,False
SYNGENE2678,False
SYNGENE2679,False
SYNGENE2680,False
SYNGENE2681,False
SYNGENE2682,False
SYNGENE2683,False
SYNGENE2684,False
SYNGENE2685,False
SYNGENE2686,False
SYNGENE2687,False
SYNGENE2688,False
SYNGENE2689,False
SYNGENE2690,False
SYNGENE2691,False
SYNGENE2692,False
SYNGENE2693,False
SYNGENE2694,False
SYNGENE2695,False
SYNGENE2696,False
SYNGENE2697,False
SYNGENE2698,False
SYNGENE2699,False
SYNGENE2700,False
SYNGENE2701,False
SYNGENE2702,False
SYNGENE2703,False
SYNGENE2704,False
SYNGENE2705,False
SYNGENE2706,False
SYNGENE2707,False
SYNGENE2708,False
SYNGENE2709,False
SYNGENE2710,False
SYNGENE2711,False
SYNGENE2712,False
SYNGENE2713,False
SYNGENE2714,False
SYNGENE2715,False
SYNGENE2716,False
SYNGENE2717,False
SYNGENE2718,False
SYNGENE2719,False
SYNGENE2720,False
SYNGENE2721,False
SYNGENE2722,False
SYNGENE2723,False
SYNGENE2724,False
SYNGENE2725,False
SYNGENE2726,False
SYNGENE2727,False
SYNGENE2728,False
SYNGENE2729,False
SYNGENE2730,False
SYNGENE2731,False
SYNGENE2732,False
SYNGENE2733,False
SYNGENE2734,False
SYNGENE2735,False
SYNGENE2736,False
SYNGENE2737,False
SYNGENE2738,False
SYNGENE2739,False
SYNGENE2740,False
SYNGENE2741,False
SYNGENE2742,False
SYNGENE2743,False
SYNGENE2744,False
SYNGENE2745,False
SYNGENE2746,False
SYNGENE2747,False
SYNGENE2748,False
SYNGENE2749,False
SYNGENE2750,False
SYNGENE2751,False
SYNGENE2752,False
SYNGENE2753,False
SYNGENE2754,False
SYNGENE2755,False
SYNGENE2756,False
SYNGENE2757,False
SYNGENE2758,False
SYNGENE2759,False
SYNGENE2760,False
SYNGENE2761,False
SYNGENE2762,False
SYNGENE2763,False
SYNGENE2764,False
SYNGENE2765,False
SYNGENE2766,False
SYNGENE2767,False
SYNGENE2768,False
SYNGENE2769,False
SYNGENE2770,False
SYNGENE2771,False
SYNGENE2772,False
SYNGENE2773,False
SYNGENE2774,False
SYNGENE2775,False
SYNGENE2776,False
SYNGENE2777,False
SYNGENE2778,False
SYNGENE2779,False
SYNGENE2780,False
SYNGENE2781,False
SYNGENE2782,False
SYNGENE2783,False
SYNGENE2784,False
SYNGENE2785,False
SYNGENE2786,False
SYNGENE2787,False
SYNGENE2788,False
SYNGENE2789,False
SYNGENE2790,False
SYNGENE2791,False
SYNGENE2792,False
SYNGENE2793,False
SYNGENE2794,False
SYNGENE2795,False
SYNGENE2796,False
SYNGENE2797,False
SYNGENE2798,False
SYNGENE2799,False
SYNGENE2800,False
SYNGENE2801,False
SYNGENE2802,False
SYNGENE2803,False
SYNGENE2804,False
SYNGENE2805,False
SYNGENE2806,False
SYNGENE2807,False
SYNGENE2808,False
SYNGENE2809,False
SYNGENE2810,False
SYNGENE2811,False
SYNGENE2812,False
SYNGENE2813,False
SYNGENE2814,False
SYNGENE2815,False
SYNGENE2816,False
SYNGENE2817,False
SYNGENE2818,False
SYNGENE2819,False
SYNGENE2820,False
SYNGENE2821,False
SYNGENE2822,False
SYNGENE2823,False
SYNGENE2824,False
SYNGENE2825,False
SYNGENE2826,False
SYNGENE2827,False
SYNGENE2828,False
SYNGENE2829,False
SYNGENE2830,False
SYNGENE2831,False
SYNGENE2832,False
SYNGENE2833,False
SYNGENE2834,False
SYNGENE2835,False
SYNGENE2836,False
SYNGENE2837,False
SYNGENE2838,False
SYNGENE2839,False
SYNGENE2840,False
SYNGENE2841,False
SYNGENE2842,False
SYNGENE2843,False
SYNGENE2844,False
SYNGENE2845,False
SYNGENE2846,False
SYNGENE2847,False
SYNGENE2848,False
SYNGENE2849,False
SYNGENE2850,False
SYNGENE2851,False
SYNGENE2852,False
SYNGENE2853,False
SYNGENE2854,False
SYNGENE2855,False
SYNGENE2856,False
SYNGENE2857,False
SYNGENE2858,False
SYNGENE2859,False
SYNGENE2860,False
SYNGENE2861,False
SYNGENE2862,False
SYNGENE2863,False
SYNGENE2864,False
SYNGENE2865,False
SYNGENE2866,False
SYNGENE2867,False
SYNGENE2868,False
SYNGENE2869,False
SYNGENE2870,False
SYNGENE2871,False
SYNGENE2872,False
SYNGENE2873,False
SYNGENE2874,False
SYNGENE2875,False
SYNGENE2876,False
SYNGENE2877,False
SYNGENE2878,False
SYNGENE2879,False
SYNGENE2880,False
SYNGENE2881,False
SYNGENE2882,False
SYNGENE2883,False
SYNGENE2884,False
SYNGENE2885,False
SYNGENE2886,False
SYNGENE2887,False
SYNGENE2888,False
SYNGENE2889,False
SYNGENE2890,False
SYNGENE2891,False
SYNGENE2892,False
SYNGENE2893,False
SYNGENE2894,False
SYNGENE2895,False
SYNGENE2896,False
SYNGENE2897,False
SYNGENE2898,False
SYNGENE2899,False
SYNGENE2900,False
SYNGENE2901,False
SYNGENE2902,False
SYNGENE2903,False
SYNGENE2904,False
SYNGENE2905,False
SYNGENE2906,False
SYNGENE2907,False
SYNGENE2908,False
SYNGENE2909,False
SYNGENE2910,False
SYNGENE2911,False
SYNGENE2912,False
SYNGENE2913,False
SYNGENE2914,False
SYNGENE2915,False
SYNGENE2916,False
SYNGENE2917,False
SYNGENE2918,False
SYNGENE2919,False
SYNGENE2920,False
SYNGENE2921,False
SYNGENE2922,False
SYNGENE2923,False
SYNGENE2924,False
SYNGENE2925,False
SYNGENE2926,False
SYNGENE2927,False
SYNGENE2928,False
SYNGENE2929,False
SYNGENE2930,False
SYNGENE2931,False
SYNGENE2932,False
SYNGENE2933,False
SYNGENE2934,False
SYNGENE2935,False
SYNGENE2936,False
SYNGENE2937,False
SYNGENE2938,False
SYNGENE2939,False
SYNGENE2940,False
SYNGENE2941,False
SYNGENE2942,False
SYNGENE2943,False
SYNGENE2944,False
SYNGENE2945,False
SYNGENE2946,False
SYNGENE2947,False
SYNGENE2948,False
SYNGENE2949,False
SYNGENE2950,False
SYNGENE2951,False
SYNGENE2952,False
SYNGENE2953,False
SYNGENE2954,False
SYNGENE2955,False
SYNGENE2956,False
SYNGENE2957,False
SYNGENE2958,False
SYNGENE2959,False
SYNGENE2960,False
SYNGENE2961,False
SYNGENE2962,False
SYNGENE2963,False
SYNGENE2964,False
SYNGENE2965,False
SYNGENE2966,False
SYNGENE2967,False
SYNGENE2968,False
SYNGENE2969,False
SYNGENE2970,False
SYNGENE2971,False
SYNGENE2972,False
SYNGENE2973,False
SYNGENE2974,False
SYNGENE2975,False
SYNGENE2976,False
SYNGENE2977,False
SYNGENE2978,False
SYNGENE2979,False
SYNGENE2980,False
SYNGENE2981,False
SYNGENE2982,False
SYNGENE2983,False
SYNGENE2984,False
SYNGENE2985,False
SYNGENE2986,False
SYNGENE2987,False
SYNGENE2988,False
SYNGENE2989,False
SYNGENE2990,False
SYNGENE2991,False
SYNGENE2992,False
SYNGENE2993,False
SYNGENE2994,False
SYNGENE2995,False
SYNGENE2996,False
SYNGENE2997,False
SYNGENE2998,False
SYNGENE2999,False
SYNGENE3000,False
SYNGENE3001,False
SYNGENE3002,False
SYNGENE3003,False
SYNGENE3004,False
SYNGENE3005,False
SYNGENE3006,False
SYNGENE3007,False
SYNGENE3008,False
SYNGENE3009,False
SYNGENE3010,False
SYNGENE3011,False
SYNGENE3012,False
SYNGENE3013,False
SYNGENE3014,False
SYNGENE3015,False
SYNGENE3016,False
SYNGENE3017,False
SYNGENE3018,False
SYNGENE3019,False
SYNGENE3020,False
SYNGENE3021,False
SYNGENE3022,False
SYNGENE3023,False
SYNGENE3024,False
SYNGENE3025,False
SYNGENE3026,False
SYNGENE3027,False
SYNGENE3028,False
SYNGENE3029,False
SYNGENE3030,False
SYNGENE3031,False
SYNGENE3032,False
SYNGENE3033,False
SYNGENE3034,False
SYNGENE3035,False
SYNGENE3036,False
SYNGENE3037,False
SYNGENE3038,False
SYNGENE3039,False
SYNGENE3040,False
SYNGENE3041,False
SYNGENE3042,False
SYNGENE3043,False
SYNGENE3044,False
SYNGENE3045,False
SYNGENE3046,False
SYNGENE3047,False
SYNGENE3048,False
SYNGENE3049,False
SYNGENE3050,False
SYNGENE3051,False
SYNGENE3052,False
SYNGENE3053,False
SYNGENE3054,False
SYNGENE3055,False
SYNGENE3056,False
SYNGENE3057,False
SYNGENE3058,False
SYNGENE3059,False
SYNGENE3060,False
SYNGENE3061,False
SYNGENE3062,False
SYNGENE3063,False
SYNGENE3064,False
SYNGENE3065,False
SYNGENE3066,False
SYNGENE3067,False
SYNGENE3068,False
SYNGENE3069,False
SYNGENE3070,False
SYNGENE3071,False
SYNGENE3072,False
SYNGENE3073,False
SYNGENE3074,False
SYNGENE3075,False
SYNGENE3076,False
SYNGENE3077,False
SYNGENE3078,False
SYNGENE3079,False
SYNGENE3080,False
SYNGENE3081,False
SYNGENE3082,False
SYNGENE3083,False
SYNGENE3084,False
SYNGENE3085,False
SYNGENE3086,False
SYNGENE3087,False
SYNGENE3088,False
SYNGENE3089,False
SYNGENE3090,False
SYNGENE3091,False
SYNGENE3092,False
SYNGENE3093,False
SYNGENE3094,False
SYNGENE3095,False
SYNGENE3096,False
SYNGENE3097,False
SYNGENE3098,False
SYNGENE3099,False
SYNGENE3100,False
SYNGENE3101,False
SYNGENE3102,False
SYNGENE3103,False
SYNGENE3104,False
SYNGENE3105,False
SYNGENE3106,False
SYNGENE3107,False
SYNGENE3108,False
SYNGENE3109,False
SYNGENE3110,False
SYNGENE3111,False
SYNGENE3112,False
SYNGENE3113,False
SYNGENE3114,False
SYNGENE3115,False
SYNGENE3116,False
SYNGENE3117,False
SYNGENE3118,False
SYNGENE3119,False
SYNGENE3120,False
SYNGENE3121,False
SYNGENE3122,False
SYNGENE3123,False
SYNGENE3124,False
SYNGENE3125,False
SYNGENE3126,False
SYNGENE3127,False
SYNGENE3128,False
SYNGENE3129,False
SYNGENE3130,False
SYNGENE3131,False
SYNGENE3132,False
SYNGENE3133,False
SYNGENE3134,False
SYNGENE3135,False
SYNGENE3136,False
SYNGENE3137,False
SYNGENE3138,False
SYNGENE3139,False
SYNGENE3140,False
SYNGENE3141,False
SYNGENE3142,False
SYNGENE3143,False
SYNGENE3144,False
SYNGENE3145,False
SYNGENE3146,False
SYNGENE3147,False
SYNGENE3148,False
SYNGENE3149,False
SYNGENE3150,False
SYNGENE3151,False
SYNGENE3152,False
SYNGENE3153,False
SYNGENE3154,False
SYNGENE3155,False
SYNGENE3156,False
SYNGENE3157,False
SYNGENE3158,False
SYNGENE3159,False
SYNGENE3160,False
SYNGENE3161,False
SYNGENE3162,False
SYNGENE3163,False
SYNGENE3164,False
SYNGENE3165,False
SYNGENE3166,False
SYNGENE3167,False
SYNGENE3168,False
SYNGENE3169,False
SYNGENE3170,False
SYNGENE3171,False
SYNGENE3172,False
SYNGENE3173,False
SYNGENE3174,False
SYNGENE3175,False
SYNGENE3176,False
SYNGENE3177,False
SYNGENE3178,False
SYNGENE3179,False
SYNGENE3180,False
SYNGENE3181,False
SYNGENE3182,False
SYNGENE3183,False
SYNGENE3184,False
SYNGENE3185,False
SYNGENE3186,False
SYNGENE3187,False
SYNGENE3188,False
SYNGENE3189,False
SYNGENE3190,False
SYNGENE3191,False
SYNGENE3192,False
SYNGENE3193,False
SYNGENE3194,False
SYNGENE3195,False
SYNGENE3196,False
SYNGENE3197,False
SYNGENE3198,False
SYNGENE3199,False
SYNGENE3200,False
SYNGENE3201,False
SYNGENE3202,False
SYNGENE3203,False
SYNGENE3204,False
SYNGENE3205,False
SYNGENE3206,False
SYNGENE3207,False
SYNGENE3208,False
SYNGENE3209,False
SYNGENE3210,False
SYNGENE3211,False
SYNGENE3212,False
SYNGENE3213,False
SYNGENE3214,False
SYNGENE3215,False
SYNGENE3216,False
SYNGENE3217,False
SYNGENE3218,False
SYNGENE3219,False
SYNGENE3220,False
SYNGENE3221,False
SYNGENE3222,False
SYNGENE3223,False
SYNGENE3224,False
SYNGENE3225,False
SYNGENE3226,False
SYNGENE3227,False
SYNGENE3228,False
SYNGENE3229,False
SYNGENE3230,False
SYNGENE3231,False
SYNGENE3232,False
SYNGENE3233,False
SYNGENE3234,False
SYNGENE3235,False
SYNGENE3236,False
SYNGENE3237,False
SYNGENE3238,False
SYNGENE3239,False
SYNGENE3240,False
SYNGENE3241,False
SYNGENE3242,False
SYNGENE3243,False
SYNGENE3244,False
SYNGENE3245,False
SYNGENE3246,False
SYNGENE3247,False
SYNGENE3248,False
SYNGENE3249,False
SYNGENE3250,False
SYNGENE3251,False
SYNGENE3252,False
SYNGENE3253,False
SYNGENE3254,False
SYNGENE3255,False
SYNGENE3256,False
SYNGENE3257,False
SYNGENE3258,False
SYNGENE3259,False
SYNGENE3260,False
SYNGENE3261,False
SYNGENE3262,False
SYNGENE3263,False
SYNGENE3264,False
SYNGENE3265,False
SYNGENE3266,False
SYNGENE3267,False
SYNGENE3268,False
SYNGENE3269,False
SYNGENE3270,False
SYNGENE3271,False
SYNGENE3272,False
SYNGENE3273,False
SYNGENE3274,False
SYNGENE3275,False
SYNGENE3276,False
SYNGENE3277,False
SYNGENE3278,False
SYNGENE3279,False
SYNGENE3280,False
SYNGENE3281,False
SYNGENE3282,False
SYNGENE3283,False
SYNGENE3284,False
SYNGENE3285,False
SYNGENE3286,False
SYNGENE3287,False
SYNGENE3288,False
SYNGENE3289,False
SYNGENE3290,False
SYNGENE3291,False
SYNGENE3292,False
SYNGENE3293,False
SYNGENE3294,False
SYNGENE3295,False
SYNGENE3296,False
SYNGENE3297,False
SYNGENE3298,False
SYNGENE3299,False
SYNGENE3300,False
SYNGENE3301,False
SYNGENE3302,False
SYNGENE3303,False
SYNGENE3304,False
SYNGENE3305,False
SYNGENE3306,False
SYNGENE3307,False
SYNGENE3308,False
SYNGENE3309,False
SYNGENE3310,False
SYNGENE3311,False
SYNGENE3312,False
SYNGENE3313,False
SYNGENE3314,False
SYNGENE3315,False
SYNGENE3316,False
SYNGENE3317,False
SYNGENE3318,False
SYNGENE3319,False
SYNGENE3320,False
SYNGENE3321,False
SYNGENE3322,False
SYNGENE3323,False
SYNGENE3324,False
SYNGENE3325,False
SYNGENE3326,False
SYNGENE3327,False
SYNGENE3328,False
SYNGENE3329,False
SYNGENE3330,False
SYNGENE3331,False
SYNGENE3332,False
SYNGENE3333,False
SYNGENE3334,False
SYNGENE3335,False
SYNGENE3336,False
SYNGENE3337,False
SYNGENE3338,False
SYNGENE3339,False
SYNGENE3340,False
SYNGENE3341,False
SYNGENE3342,False
SYNGENE3343,False
SYNGENE3344,False
SYNGENE3345,False
SYNGENE3346,False
SYNGENE3347,False
SYNGENE3348,False
SYNGENE3349,False
SYNGENE3350,False
SYNGENE3351,False
SYNGENE3352,False
SYNGENE3353,False
SYNGENE3354,False
SYNGENE3355,False
SYNGENE3356,False
SYNGENE3357,False
SYNGENE3358,False
SYNGENE3359,False
SYNGENE3360,False
SYNGENE3361,False
SYNGENE3362,False
SYNGENE3363,False
SYNGENE3364,False
SYNGENE3365,False
SYNGENE3366,False
SYNGENE3367,False
SYNGENE3368,False
SYNGENE3369,False
SYNGENE3370,False
SYNGENE3371,False
SYNGENE3372,False
SYNGENE3373,False
SYNGENE3374,False
SYNGENE3375,False
SYNGENE3376,False
SYNGENE3377,False
SYNGENE3378,False
SYNGENE3379,False
SYNGENE3380,False
SYNGENE3381,False
SYNGENE3382,False
SYNGENE3383,False
SYNGENE3384,False
SYNGENE3385,False
SYNGENE3386,False
SYNGENE3387,False
SYNGENE3388,False
SYNGENE3389,False
SYNGENE3390,False
SYNGENE3391,False
SYNGENE3392,False
SYNGENE3393,False
SYNGENE3394,False
SYNGENE3395,False
SYNGENE3396,False
SYNGENE3397,False
SYNGENE3398,False
SYNGENE3399,False
SYNGENE3400,False
SYNGENE3401,False
SYNGENE3402,False
SYNGENE3403,False
SYNGENE3404,False
SYNGENE3405,False
SYNGENE3406,False
SYNGENE3407,False
SYNGENE3408,False
SYNGENE3409,False
SYNGENE3410,False
SYNGENE3411,False
SYNGENE3412,False
SYNGENE3413,False
SYNGENE3414,False
SYNGENE3415,False
SYNGENE3416,False
SYNGENE3417,False
SYNGENE3418,False
SYNGENE3419,False
SYNGENE3420,False
SYNGENE3421,False
SYNGENE3422,False
SYNGENE3423,False
SYNGENE3424,False
SYNGENE3425,False
SYNGENE3426,False
SYNGENE3427,False
SYNGENE3428,False
SYNGENE3429,False
SYNGENE3430,False
SYNGENE3431,False
SYNGENE3432,False
SYNGENE3433,False
SYNGENE3434,False
SYNGENE3435,False
SYNGENE3436,False
SYNGENE3437,False
SYNGENE3438,False
SYNGENE3439,False
SYNGENE3440,False
SYNGENE3441,False
SYNGENE3442,False
SYNGENE3443,False
SYNGENE3444,False
SYNGENE3445,False
SYNGENE3446,False
SYNGENE3447,False
SYNGENE3448,False
SYNGENE3449,False
SYNGENE3450,False
SYNGENE3451,False
SYNGENE3452,False
SYNGENE3453,False
SYNGENE3454,False
SYNGENE3455,False
SYNGENE3456,False
SYNGENE3457,False
SYNGENE3458,False
SYNGENE3459,False
SYNGENE3460,False
SYNGENE3461,False
SYNGENE3462,False
SYNGENE3463,False
SYNGENE3464,False
SYNGENE3465,False
SYNGENE3466,False
SYNGENE3467,False
SYNGENE3468,False
SYNGENE3469,False
SYNGENE3470,False
SYNGENE3471,False
SYNGENE3472,False
SYNGENE3473,False
SYNGENE3474,False
SYNGENE3475,False
SYNGENE3476,False
SYNGENE3477,False
SYNGENE3478,False
SYNGENE3479,False
SYNGENE3480,False
SYNGENE3481,False
SYNGENE3482,False
SYNGENE3483,False
SYNGENE3484,False
SYNGENE3485,False
SYNGENE3486,False
SYNGENE3487,False
SYNGENE3488,False
SYNGENE3489,False
SYNGENE3490,False
SYNGENE3491,False
SYNGENE3492,False
SYNGENE3493,False
SYNGENE3494,False
SYNGENE3495,False
SYNGENE3496,False
SYNGENE3497,False
SYNGENE3498,False
SYNGENE3499,False
SYNGENE3500,False
SYNGENE3501,False
SYNGENE3502,False
SYNGENE3503,False
SYNGENE3504,False
SYNGENE3505,False
SYNGENE3506,False
SYNGENE3507,False
SYNGENE3508,False
SYNGENE3509,False
SYNGENE3510,False
SYNGENE3511,False
SYNGENE3512,False
SYNGENE3513,False
SYNGENE3514,False
SYNGENE3515,False
SYNGENE3516,False
SYNGENE3517,False
SYNGENE3518,False
SYNGENE3519,False
SYNGENE3520,False
SYNGENE3521,False
SYNGENE3522,False
SYNGENE3523,False
SYNGENE3524,False
SYNGENE3525,False
SYNGENE3526,False
SYNGENE3527,False
SYNGENE3528,False
SYNGENE3529,False
SYNGENE3530,False
SYNGENE3531,False
SYNGENE3532,False
SYNGENE3533,False
SYNGENE3534,False
SYNGENE3535,False
SYNGENE3536,False
SYNGENE3537,False
SYNGENE3538,False
SYNGENE3539,False
SYNGENE3540,False
SYNGENE3541,False
SYNGENE3542,False
SYNGENE3543,False
SYNGENE3544,False
SYNGENE3545,False
SYNGENE3546,False
SYNGENE3547,False
SYNGENE3548,False
SYNGENE3549,False
SYNGENE3550,False
SYNGENE3551,False
SYNGENE3552,False
SYNGENE3553,False
SYNGENE3554,False
SYNGENE3555,False
SYNGENE3556,False
SYNGENE3557,False
SYNGENE3558,False
SYNGENE3559,False
SYNGENE3560,False
SYNGENE3561,False
SYNGENE3562,False
SYNGENE3563,False
SYNGENE3564,False
SYNGENE3565,False
SYNGENE3566,False
SYNGENE3567,False
SYNGENE3568,False
SYNGENE3569,False
SYNGENE3570,False
SYNGENE3571,False
SYNGENE3572,False
SYNGENE3573,False
SYNGENE3574,False
SYNGENE3575,False
SYNGENE3576,False
SYNGENE3577,False
SYNGENE3578,False
SYNGENE3579,False
SYNGENE3580,False
SYNGENE3581,False
SYNGENE3582,False
SYNGENE3583,False
SYNGENE3584,False
SYNGENE3585,False
SYNGENE3586,False
SYNGENE3587,False
SYNGENE3588,False
SYNGENE3589,False
SYNGENE3590,False
SYNGENE3591,False
SYNGENE3592,False
SYNGENE3593,False
SYNGENE3594,False
SYNGENE3595,False
SYNGENE3596,False
SYNGENE3597,False
SYNGENE3598,False
SYNGENE3599,False
SYNGENE3600,False
SYNGENE3601,False
SYNGENE3602,False
SYNGENE3603,False
SYNGENE3604,False
SYNGENE3605,False
SYNGENE3606,False
SYNGENE3607,False
SYNGENE3608,False
SYNGENE3609,False
SYNGENE3610,False
SYNGENE3611,False
SYNGENE3612,False
SYNGENE3613,False
SYNGENE3614,False
SYNGENE3615,False
SYNGENE3616,False
SYNGENE3617,False
SYNGENE3618,False
SYNGENE3619,False
SYNGENE3620,False
SYNGENE3621,False
SYNGENE3622,False
SYNGENE3623,False
SYNGENE3624,False
SYNGENE3625,False
SYNGENE3626,False
SYNGENE3627,False
SYNGENE3628,False
SYNGENE3629,False
SYNGENE3630,False
SYNGENE3631,False
SYNGENE3632,False
SYNGENE3633,False
SYNGENE3634,False
SYNGENE3635,False
SYNGENE3636,False
SYNGENE3637,False
SYNGENE3638,False
SYNGENE3639,False
SYNGENE3640,False
SYNGENE3641,False
SYNGENE3642,False
SYNGENE3643,False
SYNGENE3644,False
SYNGENE3645,False
SYNGENE3646,False
SYNGENE3647,False
SYNGENE3648,False
SYNGENE3649,False
SYNGENE3650,False
SYNGENE3651,False
SYNGENE3652,False
SYNGENE3653,False
SYNGENE3654,False
SYNGENE3655,False
SYNGENE3656,False
SYNGENE3657,False
SYNGENE3658,False
SYNGENE3659,False
SYNGENE3660,False
SYNGENE3661,False
SYNGENE3662,False
SYNGENE3663,False
SYNGENE3664,False
SYNGENE3665,False
SYNGENE3666,False
SYNGENE3667,False
SYNGENE3668,False
SYNGENE3669,False
SYNGENE3670,False
SYNGENE3671,False
SYNGENE3672,False
SYNGENE3673,False
SYNGENE3674,False
SYNGENE3675,False
SYNGENE3676,False
SYNGENE3677,False
SYNGENE3678,False
SYNGENE3679,False
SYNGENE3680,False
SYNGENE3681,False
SYNGENE3682,False
SYNGENE3683,False
SYNGENE3684,False
SYNGENE3685,False
SYNGENE3686,False
SYNGENE3687,False
SYNGENE3688,False
SYNGENE3689,False
SYNGENE3690,False
SYNGENE3691,False
SYNGENE3692,False
SYNGENE3693,False
SYNGENE3694,False
SYNGENE3695,False
SYNGENE3696,False
SYNGENE3697,False
SYNGENE3698,False
SYNGENE3699,False
SYNGENE3700,False
SYNGENE3701,False
SYNGENE3702,False
SYNGENE3703,False
SYNGENE3704,False
SYNGENE3705,False
SYNGENE3706,False
SYNGENE3707,False
SYNGENE3708,False
SYNGENE3709,False
SYNGENE3710,False
SYNGENE3711,False
SYNGENE3712,False
SYNGENE3713,False
SYNGENE3714,False
SYNGENE3715,False
SYNGENE3716,False
SYNGENE3717,False
SYNGENE3718,False
SYNGENE3719,False
SYNGENE3720,False
SYNGENE3721,False
SYNGENE3722,False
SYNGENE3723,False
SYNGENE3724,False
SYNGENE3725,False
SYNGENE3726,False
SYNGENE3727,False
SYNGENE3728,False
SYNGENE3729,False
SYNGENE3730,False
SYNGENE3731,False
SYNGENE3732,False
SYNGENE3733,False
SYNGENE3734,False
SYNGENE3735,False
SYNGENE3736,False
SYNGENE3737,False
SYNGENE3738,False
SYNGENE3739,False
SYNGENE3740,False
SYNGENE3741,False
SYNGENE3742,False
SYNGENE3743,False
SYNGENE3744,False
SYNGENE3745,False
SYNGENE3746,False
SYNGENE3747,False
SYNGENE3748,False
SYNGENE3749,False
SYNGENE3750,False
SYNGENE3751,False
SYNGENE3752,False
SYNGENE3753,False
SYNGENE3754,False
SYNGENE3755,False
SYNGENE3756,False
SYNGENE3757,False
SYNGENE3758,False
SYNGENE3759,False
SYNGENE3760,False
SYNGENE3761,False
SYNGENE3762,False
SYNGENE3763,False
SYNGENE3764,False
SYNGENE3765,False
SYNGENE3766,False
SYNGENE3767,False
SYNGENE3768,False
SYNGENE3769,False
SYNGENE3770,False
SYNGENE3771,False
SYNGENE3772,False
SYNGENE3773,False
SYNGENE3774,False
SYNGENE3775,False
SYNGENE3776,False
SYNGENE3777,False
SYNGENE3778,False
SYNGENE3779,False
SYNGENE3780,False
SYNGENE3781,False
SYNGENE3782,False
SYNGENE3783,False
SYNGENE3784,False
SYNGENE3785,False
SYNGENE3786,False
SYNGENE3787,False
SYNGENE3788,False
SYNGENE3789,False
SYNGENE3790,False
SYNGENE3791,False
SYNGENE3792,False
SYNGENE3793,False
SYNGENE3794,False
SYNGENE3795,False
SYNGENE3796,False
SYNGENE3797,False
SYNGENE3798,False
SYNGENE3799,False
SYNGENE3800,False
SYNGENE3801,False
SYNGENE3802,False
SYNGENE3803,False
SYNGENE3804,False
SYNGENE3805,False
SYNGENE3806,False
SYNGENE3807,False
SYNGENE3808,False
SYNGENE3809,False
SYNGENE3810,False
SYNGENE3811,False
SYNGENE3812,False
SYNGENE3813,False
SYNGENE3814,False
SYNGENE3815,False
SYNGENE3816,False
SYNGENE3817,False
SYNGENE3818,False
SYNGENE3819,False
SYNGENE3820,False
SYNGENE3821,False
SYNGENE3822,False
SYNGENE3823,False
SYNGENE3824,False
SYNGENE3825,False
SYNGENE3826,False
SYNGENE3827,False
SYNGENE3828,False
SYNGENE3829,False
SYNGENE3830,False
SYNGENE3831,False
SYNGENE3832,False
SYNGENE3833,False
SYNGENE3834,False
SYNGENE3835,False
SYNGENE3836,False
SYNGENE3837,False
SYNGENE3838,False
SYNGENE3839,False
SYNGENE3840,False
SYNGENE3841,False
SYNGENE3842,False
SYNGENE3843,False
SYNGENE3844,False
SYNGENE3845,False
SYNGENE3846,False
SYNGENE3847,False
SYNGENE3848,False
SYNGENE3849,False
SYNGENE3850,False
SYNGENE3851,False
SYNGENE3852,False
SYNGENE3853,False
SYNGENE3854,False
SYNGENE3855,False
SYNGENE3856,False
SYNGENE3857,False
SYNGENE3858,False
SYNGENE3859,False
SYNGENE3860,False
SYNGENE3861,False
SYNGENE3862,False
SYNGENE3863,False
SYNGENE3864,False
SYNGENE3865,False
SYNGENE3866,False
SYNGENE3867,False
SYNGENE3868,False
SYNGENE3869,False
SYNGENE3870,False
SYNGENE3871,False
SYNGENE3872,False
SYNGENE3873,False
SYNGENE3874,False
SYNGENE3875,False
SYNGENE3876,False
SYNGENE3877,False
SYNGENE3878,False
SYNGENE3879,False
SYNGENE3880,False
SYNGENE3881,False
SYNGENE3882,False
SYNGENE3883,False
SYNGENE3884,False
SYNGENE3885,False
SYNGENE3886,False
SYNGENE3887,False
SYNGENE3888,False
SYNGENE3889,False
SYNGENE3890,False
SYNGENE3891,False
SYNGENE3892,False
SYNGENE3893,False
SYNGENE3894,False
SYNGENE3895,False
SYNGENE3896,False
SYNGENE3897,False
SYNGENE3898,False
SYNGENE3899,False
SYNGENE3900,False
SYNGENE3901,False
SYNGENE3902,False
SYNGENE3903,False
SYNGENE3904,False
SYNGENE3905,False
SYNGENE3906,False
SYNGENE3907,False
SYNGENE3908,False
SYNGENE3909,False
SYNGENE3910,False
SYNGENE3911,False
SYNGENE3912,False
SYNGENE3913,False
SYNGENE3914,False
SYNGENE3915,False
SYNGENE3916,False
SYNGENE3917,False
SYNGENE3918,False
SYNGENE3919,False
SYNGENE3920,False
SYNGENE3921,False
SYNGENE3922,False
SYNGENE3923,False
SYNGENE3924,False
SYNGENE3925,False
SYNGENE3926,False
SYNGENE3927,False
SYNGENE3928,False
SYNGENE3929,False
SYNGENE3930,False
SYNGENE3931,False
SYNGENE3932,False
SYNGENE3933,False
SYNGENE3934,False
SYNGENE3935,False
SYNGENE3936,False
SYNGENE3937,False
SYNGENE3938,False
SYNGENE3939,False
SYNGENE3940,False
SYNGENE3941,False
SYNGENE3942,False
SYNGENE3943,False
SYNGENE3944,False
SYNGENE3945,False
SYNGENE3946,False
SYNGENE3947,False
SYNGENE3948,False
SYNGENE3949,False
SYNGENE3950,False
SYNGENE3951,False
SYNGENE3952,False
SYNGENE3953,False
SYNGENE3954,False
SYNGENE3955,False
SYNGENE3956,False
SYNGENE3957,False
SYNGENE3958,False
SYNGENE3959,False
SYNGENE3960,False
