,prAD,ABA,psuedotime
80000001,0.10689663037061356,0.8931033696293864,0.40872223626154547
80000002,0.7967133193549233,0.2032866806450767,0.5343476602925267
80000003,0.12357864047939941,0.8764213595206006,0.665136270940261
80000004,0.1435837106947374,0.8564162893052626,0.5210520809612791
80000005,0.17983754739289035,0.8201624526071096,0.7177584778639717
80000006,0.8302150657424574,0.1697849342575426,0.8090901545937403
80000007,0.11581605535281839,0.8841839446471816,0.5250959853394211
80000008,0.8578118225260292,0.14218817747397083,0.2523495618744966
80000009,0.06630462151877313,0.9336953784812269,0.6933311271889983
80000010,0.9066268835953527,0.0933731164046473,0.8879039463557133
80000011,0.8185367210052137,0.18146327899478631,0.30230908707451865
80000012,0.06333610129927157,0.9366638987007284,0.5372136142126415
80000013,0.856619204739541,0.143380795260459,0.897885011168143
80000014,0.8870057863957959,0.11299421360420414,0.44646230528954883
80000015,0.7647493063951232,0.23525069360487683,0.7968879783614179
80000016,0.901351446717556,0.09864855328244404,0.3854798530808613
80000017,0.8127019771117425,0.18729802288825748,0.25132809286401164
80000018,0.8732798197382774,0.1267201802617226,0.3692232549293609
80000019,0.08962347733175469,0.9103765226682453,0.6410588444936484
80000020,0.08747329127200251,0.9125267087279975,0.5347376427179337
80000021,0.8698673259844297,0.13013267401557027,0.7482270472202764
80000022,0.13381556965520366,0.8661844303447963,0.2838244724330451
80000023,0.9033834556585538,0.09661654434144618,0.7358127477929342
80000024,0.5131296702060292,0.4868703297939708,0.061588983030060065
80000025,0.8820369752357416,0.11796302476425835,0.49398674823542593
80000026,0.0924447938560958,0.9075552061439042,0.5057048112522267
80000027,0.7649083803308008,0.23509161966919923,0.5808508461070925
80000028,0.11188980160715185,0.8881101983928481,0.330100340536878
80000029,0.8286088301137603,0.1713911698862397,0.26251860792933146
80000030,0.10903656460071802,0.890963435399282,0.19643761350593356
80000031,0.8655282051741312,0.1344717948258688,0.39067114654915447
80000032,0.12237968556608028,0.8776203144339197,0.42789347190724303
80000033,0.1929001732609249,0.8070998267390751,0.923493296353132
80000034,0.16647790357722067,0.8335220964227793,0.23093489419321894
80000035,0.14064517661104017,0.8593548233889599,0.9796068925648335
80000036,0.12155894877676648,0.8784410512232335,0.43716107980730506
80000037,0.8522008045552085,0.14779919544479148,0.7397591813228054
80000038,0.5183253474923256,0.4816746525076744,0.09276539208683963
80000039,0.8791044291902708,0.12089557080972924,0.6571720838842845
80000040,0.48697398700223343,0.5130260129977666,0.06365762007555321
80000041,0.12267069373507916,0.8773293062649208,0.48248050880711707
80000042,0.15310985879807798,0.8468901412019221,0.6356647513271756
80000043,0.16336676293409164,0.8366332370659084,0.7537942415619567
80000044,0.103695299755976,0.896304700244024,0.7945805912592163
80000045,0.14145923022456927,0.8585407697754307,0.8148767906343473
80000046,0.05873521725347894,0.941264782746521,0.5539027260460638
80000047,0.5237118043089851,0.4762881956910149,0.04415708188604431
80000048,0.8915746622267882,0.10842533777321184,0.7171100370540181
80000049,0.1484685513668239,0.8515314486331761,0.6389822716479766
80000050,0.17048596967834745,0.8295140303216526,0.5557163336362986
80000051,0.5293875602346791,0.47061243976532086,0.09125613517794981
80000052,0.8843380694571872,0.11566193054281282,0.14470581143702468
80000053,0.128797254924765,0.871202745075235,0.39898217108381767
80000054,0.21266107984560423,0.7873389201543958,0.306666116202983
80000055,0.104750462102558,0.895249537897442,0.5178726369766529
80000056,0.14869761661213046,0.8513023833878696,0.5199671396565412
80000057,0.8514290022978214,0.14857099770217863,0.9399402556603171
80000058,0.5387505939697602,0.4612494060302398,0.09896127143263751
80000059,0.13856701013336178,0.8614329898666382,0.9392436250693302
80000060,0.5533496272015946,0.44665037279840536,0.053376429916000744
80000061,0.1359880933022637,0.8640119066977363,0.8198158932190371
80000062,0.1354271132798101,0.8645728867201898,0.946850575027918
80000063,0.7861465195551808,0.21385348044481922,0.9140365747906065
80000064,0.14428420120037888,0.8557157987996211,0.828850197144262
80000065,0.8417807500458073,0.15821924995419268,0.6286389188096483
80000066,0.8766547259255582,0.12334527407444185,0.3877618308487109
80000067,0.8163821098979809,0.18361789010201912,0.5690922556924909
80000068,0.885250989204863,0.114749010795137,0.6998060175361263
80000069,0.173918349738548,0.826081650261452,0.2095468492282788
80000070,0.8963357318906922,0.10366426810930784,0.251438081545121
80000071,0.8650746790518337,0.13492532094816634,0.6326668733266069
80000072,0.1951094494509898,0.8048905505490103,0.892531956041396
80000073,0.13990999021983372,0.8600900097801663,0.6323218304453307
80000074,0.7374488053475041,0.2625511946524959,0.1946169024390418
80000075,0.8088764654915278,0.1911235345084722,0.3746573429969941
80000076,0.47400751584021683,0.5259924841597832,0.02103812489643955
80000077,0.17261264288686534,0.8273873571131347,0.6894902540354465
80000078,0.9354475663422432,0.06455243365775676,0.2974174409221682
80000079,0.8381384882788648,0.16186151172113517,0.40775112871487734
80000080,0.7806342710748402,0.21936572892515982,0.6562787323436535
80000081,0.11192932214932871,0.8880706778506713,0.5389386739775055
80000082,0.9094098955324109,0.09059010446758908,0.3581057018364511
80000083,0.17063821810904933,0.8293617818909507,0.6683719037939883
80000084,0.8605342236617469,0.13946577633825308,0.24777949430607027
80000085,0.1095203390469204,0.8904796609530796,0.5761777664545974
80000086,0.904197619558309,0.09580238044169098,0.43774884981561435
80000087,0.8710783470087746,0.12892165299122538,0.47625816384864844
80000088,0.8783423654484868,0.12165763455151324,0.34409911374801194
80000089,0.1836263974435253,0.8163736025564747,0.5062654187315704
80000090,0.2284256350957296,0.7715743649042703,0.4916129569547561
80000091,0.8745203699085806,0.12547963009141938,0.37840034032638925
80000092,0.5004169462799753,0.49958305372002465,0.08118428026564589
80000093,0.13511664448114435,0.8648833555188556,0.1613505717887009
80000094,0.05229826036770367,0.9477017396322963,0.5865453604105262
80000095,0.88789953247684,0.11210046752316005,0.98
80000096,0.9510972179422439,0.04890278205775611,0.17695681187017115
80000097,0.1180770826702071,0.8819229173297929,0.3398413395264099
80000098,0.18927500537157216,0.8107249946284278,0.6027026348741178
80000099,0.1621230714810098,0.8378769285189902,0.57047947295154
80000100,0.1499565439470012,0.8500434560529988,0.7287351170526232
80000101,0.8988402534383675,0.10115974656163251,0.6439280422286737
80000102,0.7967864272861785,0.20321357271382146,0.2727351962399177
80000103,0.8778664606111561,0.12213353938884386,0.9289774562241765
80000104,0.9056592307241287,0.09434076927587132,0.6140174046401575
80000105,0.9081080322614459,0.09189196773855413,0.8728403550997147
80000106,0.842935800677636,0.15706419932236404,0.45402859666162143
80000107,0.9065977778075252,0.09340222219247485,0.5925051450012079
80000108,0.18034673423819358,0.8196532657618064,0.92158641146035
80000109,0.8971096959820481,0.10289030401795185,0.2501180639106223
80000110,0.9629006974787891,0.03709930252121085,0.7947101639180513
80000111,0.1593781375699369,0.8406218624300631,0.37225851710545343
80000112,0.18870900749804548,0.8112909925019545,0.6644451900312636
80000113,0.17677694706587943,0.8232230529341206,0.49152017211487653
80000114,0.20086801810947835,0.7991319818905216,0.1686953528262409
80000115,0.15435184335625018,0.8456481566437498,0.30406952628618944
80000116,0.8299999305500595,0.1700000694499405,0.5041998367433186
80000117,0.839703976943983,0.16029602305601698,0.30643758391637593
80000118,0.1762103760597582,0.8237896239402418,0.22900089725178593
80000119,0.8477552380616018,0.1522447619383982,0.6474570512297759
80000120,0.840391113998449,0.159608886001551,0.41606260251571003
80000121,0.8243991700094558,0.17560082999054416,0.44956139710291415
80000122,0.7494929797730503,0.2505070202269497,0.5356445912280089
80000123,0.8426120210510746,0.15738797894892542,0.5236566543965414
80000124,0.8747743223879961,0.12522567761200387,0.41101571520650726
80000125,0.1277149170765686,0.8722850829234314,0.5060042729339835
80000126,0.5003383308985598,0.49966166910144016,0.022377909771659144
80000127,0.49705779294402475,0.5029422070559753,0.07415429946885928
80000128,0.11594156753763978,0.8840584324623603,0.8182830857397022
80000129,0.8402711261797635,0.15972887382023648,0.3572877836167726
80000130,0.20827070561675895,0.791729294383241,0.455759664475904
80000131,0.4805221124116959,0.5194778875883042,0.09955848067247178
80000132,0.9374152473411643,0.06258475265883567,0.4915158157697828
80000133,0.14864818705290753,0.8513518129470925,0.648541177912188
80000134,0.17219522263449516,0.8278047773655048,0.8378784909720194
80000135,0.14494960057645562,0.8550503994235443,0.9796070704033465
80000136,0.4554331399030679,0.5445668600969321,0.06988250141738662
80000137,0.11653937396320144,0.8834606260367985,0.3901500044251616
80000138,0.8605350325086345,0.1394649674913655,0.5658862785769639
80000139,0.14043931570329607,0.859560684296704,0.5889509878749793
80000140,0.19743976071070857,0.8025602392892914,0.6692461001383928
80000141,0.16220960297117698,0.837790397028823,0.38350783043975506
80000142,0.9116411622073655,0.08835883779263454,0.32826277011204097
80000143,0.07154107361078164,0.9284589263892183,0.34352581003506316
80000144,0.5027803833808702,0.49721961661912983,0.10589240151734924
80000145,0.13139022173695383,0.8686097782630462,0.2896168763478402
80000146,0.8704568165091987,0.1295431834908013,0.5109519210826933
80000147,0.21129175170818848,0.7887082482918115,0.8864856086615733
80000148,0.13144812552600177,0.8685518744739982,0.8487620684485279
80000149,0.8930562923957303,0.10694370760426974,0.8615801779782196
80000150,0.0679808523306328,0.9320191476693672,0.25947049960952656
80000151,0.8711696621573425,0.12883033784265752,0.4411926795987071
80000152,0.21572195541690176,0.7842780445830982,0.8485907186532874
80000153,0.1672957003925117,0.8327042996074883,0.9533061621256931
80000154,0.9147513852761425,0.08524861472385747,0.6518622975606402
80000155,0.862237574005296,0.137762425994704,0.17848756878890257
80000156,0.8798448283235514,0.12015517167644862,0.449592707325528
80000157,0.8746533173460017,0.1253466826539983,0.4563707217057959
80000158,0.137199485647488,0.862800514352512,0.6899919688072043
80000159,0.12514329055671727,0.8748567094432828,0.8424451196512373
80000160,0.8484685816749072,0.15153141832509276,0.4682912761340567
80000161,0.18329407719166943,0.8167059228083305,0.9234094270017847
80000162,0.876199292756987,0.12380070724301295,0.8665471983921015
80000163,0.11832066399095231,0.8816793360090477,0.8935019593373785
80000164,0.9493754498479072,0.05062455015209277,0.22302409301256537
80000165,0.18593025698063953,0.8140697430193604,0.6838144673941222
80000166,0.16168781142897026,0.8383121885710297,0.121497190161337
80000167,0.8491841223161823,0.15081587768381766,0.20805131827612688
80000168,0.14978727701949401,0.850212722980506,0.6163920604956366
80000169,0.14582059221342383,0.8541794077865762,0.8119940051073318
80000170,0.87677859571413,0.12322140428587003,0.26997722654276585
80000171,0.9103111580347777,0.08968884196522231,0.41381209428905164
80000172,0.1330012785314329,0.866998721468567,0.8134018761570936
80000173,0.9056101312377712,0.09438986876222877,0.7618375765806934
80000174,0.8604686567087746,0.1395313432912254,0.37421577579455423
80000175,0.7646644518817055,0.2353355481182945,0.9613773874753624
80000176,0.18182560480837065,0.8181743951916294,0.12228854258045971
80000177,0.4769493302135626,0.5230506697864374,0.11022601510358657
80000178,0.8806681127459386,0.11933188725406141,0.30547020174023665
80000179,0.10538628671592665,0.8946137132840734,0.7696736955821243
80000180,0.07512299492679164,0.9248770050732084,0.8694341371292078
80000181,0.164577604915699,0.8354223950843009,0.4338792029249967
80000182,0.5025798044224288,0.4974201955775712,0.0504146838525719
80000183,0.16524953312268592,0.834750466877314,0.8373136593483097
80000184,0.15920964610047067,0.8407903538995294,0.4789654697461728
80000185,0.7712210296550779,0.22877897034492212,0.3979571460119141
80000186,0.4761786937490344,0.5238213062509656,0.044790116577187816
80000187,0.9187974892376493,0.08120251076235074,0.21531882409673195
80000188,0.8667789548477304,0.13322104515226962,0.8527080913462858
80000189,0.8999869607948795,0.1000130392051205,0.7688493383267394
80000190,0.15630913478472158,0.8436908652152784,0.918567287311671
80000191,0.8239155544727579,0.17608444552724212,0.38852391566391603
80000192,0.7978997010679978,0.2021002989320022,0.5816304167575318
80000193,0.8704301753656467,0.1295698246343533,0.8426959581446197
80000194,0.8586558624017543,0.1413441375982457,0.7489104211711293
80000195,0.8403383669537133,0.15966163304628667,0.788763303690667
80000196,0.1271783848664981,0.8728216151335019,0.526946733728253
80000197,0.8633864512293106,0.13661354877068943,0.7960062121911533
80000198,0.9706974356812904,0.02930256431870959,0.7911489263677352
80000199,0.17149930817542103,0.828500691824579,0.2167627870863673
80000200,0.46701024962466975,0.5329897503753303,0.031838963540337356
80000201,0.1381776749298184,0.8618223250701816,0.8597711860720901
80000202,0.8933810218947623,0.10661897810523768,0.32606482954803
80000203,0.9019799442345328,0.09802005576546724,0.5486522645295443
80000204,0.8937574756621343,0.10624252433786574,0.39228587493095624
80000205,0.9191784857540877,0.08082151424591233,0.4346995465396855
80000206,0.8523971330839701,0.14760286691602986,0.6813322896582001
80000207,0.12051545756739289,0.8794845424326071,0.19153235692902817
80000208,0.7778095476929883,0.22219045230701173,0.6527591775883375
80000209,0.12752434750978403,0.872475652490216,0.3722758051198735
80000210,0.2208255879510333,0.7791744120489668,0.15049986183548833
80000211,0.8524565546797596,0.14754344532024044,0.5230237418624446
80000212,0.5070289508113069,0.49297104918869306,0.11984899386589778
80000213,0.8924694283998601,0.1075305716001399,0.40015718168774067
80000214,0.8212079841953971,0.1787920158046029,0.6255538804821514
80000215,0.8529453619804268,0.1470546380195732,0.8104476057708944
80000216,0.0706009567181827,0.9293990432818173,0.6688631274998815
80000217,0.15999152417183196,0.8400084758281681,0.25434588116141454
80000218,0.8323292102799075,0.16767078972009253,0.4081397925084621
80000219,0.5045276458041948,0.49547235419580515,0.056376752994051926
80000220,0.07283558289505132,0.9271644171049487,0.42246580157845975
80000221,0.9200811700737253,0.07991882992627475,0.49331967640552976
80000222,0.1356706664670811,0.864329333532919,0.8757450003027906
80000223,0.12265490059383251,0.8773450994061675,0.4735525385687008
80000224,0.0565988681328049,0.9434011318671951,0.23693545303239608
80000225,0.15556150361735052,0.8444384963826495,0.6228534420195454
80000226,0.8899782806162625,0.1100217193837375,0.3903423563508059
80000227,0.8860616248257583,0.11393837517424166,0.7110829764452617
80000228,0.12479847751231218,0.8752015224876878,0.41699904124299053
80000229,0.8848640525248388,0.1151359474751612,0.5121481018758037
80000230,0.8585100298979149,0.14148997010208508,0.3922061785533068
80000231,0.056031746297550256,0.9439682537024497,0.5009116228478913
80000232,0.8679022513011001,0.1320977486988999,0.44038743927448953
80000233,0.8125926167787073,0.1874073832212927,0.6619564723857351
80000234,0.517378459139628,0.482621540860372,0.10082628082588166
80000235,0.7725423208499773,0.22745767915002268,0.43956991055022027
80000236,0.8660032452138009,0.1339967547861991,0.48978088720025337
80000237,0.1735827236309701,0.8264172763690298,0.9419692622366437
80000238,0.8729596102508858,0.12704038974911425,0.7709090438931951
80000239,0.9083705827370151,0.0916294172629849,0.3757255429388224
80000240,0.9228534326432947,0.07714656735670533,0.9192544009173806
80000241,0.19740024711955742,0.8025997528804426,0.5557313517578231
80000242,0.9227999393999579,0.07720006060004214,0.7446685304924735
80000243,0.1996049736918629,0.8003950263081371,0.7985633767364779
80000244,0.8200790562682448,0.17992094373175516,0.9398175172804282
80000245,0.8459093986020092,0.1540906013979908,0.5507658504378521
80000246,0.15435825762605887,0.8456417423739411,0.8959836748577648
80000247,0.14184232554308462,0.8581576744569154,0.25899866423987955
80000248,0.1931262648358319,0.8068737351641682,0.814391234308787
80000249,0.8792133718352552,0.12078662816474484,0.6316705176070146
80000250,0.20729534341360395,0.792704656586396,0.5921499078848715
80000251,0.18534274811502502,0.814657251884975,0.35790641750646457
80000252,0.9612761871096871,0.0387238128903129,0.8984701873045786
80000253,0.9192039681485566,0.08079603185144335,0.6693849751907283
80000254,0.10233849591080796,0.897661504089192,0.5975721432449334
80000255,0.9047758864799352,0.09522411352006477,0.4848986365026527
80000256,0.5655759129925287,0.43442408700747126,0.025475014984255213
80000257,0.1480537941285969,0.8519462058714031,0.8178459332491318
80000258,0.8444884817780284,0.15551151822197162,0.1995115954033789
80000259,0.824672014753795,0.17532798524620496,0.8579787228067225
80000260,0.8915563153353295,0.10844368466467047,0.8111033351261931
80000261,0.8159735494306256,0.1840264505693744,0.6305516079915104
80000262,0.8504625459607879,0.14953745403921215,0.16237196249513494
80000263,0.15758064577165715,0.8424193542283429,0.12948843116775755
80000264,0.855408882039923,0.14459111796007695,0.5658841135003566
80000265,0.06761532124331084,0.9323846787566892,0.5551079070916743
80000266,0.5083186859363255,0.49168131406367455,0.08148920590005189
80000267,0.9237164835649123,0.07628351643508768,0.5084231079174063
80000268,0.5145524530119239,0.48544754698807613,0.10802186658491929
80000269,0.15877442638483097,0.841225573615169,0.29800156831536995
80000270,0.8458121078816129,0.15418789211838713,0.5712744235019919
80000271,0.46767316013398025,0.5323268398660197,0.08516143581041702
80000272,0.2309196730391756,0.7690803269608244,0.20979563600478074
80000273,0.16559744663203166,0.8344025533679683,0.3752093878170485
80000274,0.7624300144570954,0.23756998554290465,0.6150896524129466
80000275,0.19893652325767025,0.8010634767423297,0.4634411065342275
80000276,0.8801777859064988,0.11982221409350124,0.16675277791335694
80000277,0.8320391258758429,0.16796087412415706,0.4917581714949289
80000278,0.8617052409775099,0.1382947590224901,0.610033209322704
80000279,0.856531811966315,0.143468188033685,0.2394074186438553
80000280,0.8490518401672893,0.1509481598327107,0.5090468399143907
80000281,0.14731658920514823,0.8526834107948518,0.5422292234822679
80000282,0.8916136232713882,0.10838637672861184,0.5157725204063681
80000283,0.13707126704064715,0.8629287329593529,0.5080386605664843
80000284,0.4613927767839088,0.5386072232160912,0.027531530020294265
80000285,0.15525085560323904,0.844749144396761,0.7311523842152056
80000286,0.1073669340806227,0.8926330659193773,0.5123678874913126
80000287,0.10144899251062447,0.8985510074893756,0.330694638621
80000288,0.19065218228677464,0.8093478177132254,0.952654643623871
80000289,0.7986854048658917,0.20131459513410832,0.8355287839573369
80000290,0.5474848834032,0.4525151165968,0.08693498736376461
80000291,0.19489369371466075,0.8051063062853392,0.9238379057457761
80000292,0.10035574737650599,0.899644252623494,0.7337672615190912
80000293,0.8393194310018256,0.1606805689981744,0.4406205142556096
80000294,0.17871995218215458,0.8212800478178455,0.543205419124229
80000295,0.4722956066020009,0.5277043933979991,0.1094279147699041
80000296,0.1365216009757592,0.8634783990242408,0.2720309370011967
80000297,0.8873615165246952,0.11263848347530481,0.3056844522343113
80000298,0.8354366089862253,0.1645633910137747,0.54679717854607
80000299,0.7956477316292011,0.2043522683707989,0.39861138259641754
80000300,0.8867422137302694,0.1132577862697306,0.5659802413382389
80000301,0.9049237852176616,0.09507621478233841,0.6879275016200278
80000302,0.8582001916942797,0.14179980830572025,0.7270597716488719
80000303,0.4686816778559407,0.5313183221440593,0.01
80000304,0.7815661760612187,0.2184338239387813,0.5912255200978789
80000305,0.8882387898679527,0.11176121013204732,0.7477243451303803
80000306,0.7936044847432124,0.20639551525678757,0.8645366394287367
80000307,0.8723519710739266,0.1276480289260734,0.7248988175426596
80000308,0.8245014470103136,0.17549855298968642,0.32936052580283137
80000309,0.8136064285693214,0.18639357143067858,0.3527361894198496
80000310,0.8423235993168123,0.15767640068318767,0.9365666025249513
80000311,0.4988270323635034,0.5011729676364967,0.035755289161958324
80000312,0.15359234297961724,0.8464076570203828,0.7229428341754588
80000313,0.15840874557740256,0.8415912544225974,0.6153790233923856
80000314,0.17977401872497276,0.8202259812750272,0.6365549170857002
80000315,0.14330872807452757,0.8566912719254725,0.33293177247849387
80000316,0.19640647981207746,0.8035935201879225,0.34854788121015806
80000317,0.8526680977429096,0.14733190225709036,0.5789669549340087
80000318,0.152376513590397,0.847623486409603,0.8146786209269041
80000319,0.49729422759867836,0.5027057724013216,0.013342158461534932
80000320,0.16496737089878133,0.8350326291012187,0.5635966301784933
80000321,0.10666949633851015,0.8933305036614898,0.7624262828184766
80000322,0.47292480480670124,0.5270751951932988,0.014623775816655324
80000323,0.2263463604281934,0.7736536395718066,0.5985982570859641
80000324,0.15879299692819868,0.8412070030718013,0.4129873169944225
80000325,0.834231669984542,0.165768330015458,0.2593289885624995
80000326,0.168519897013804,0.831480102986196,0.26336959903087526
80000327,0.883548131128606,0.11645186887139403,0.34711862415605305
80000328,0.07567256755153835,0.9243274324484616,0.8186342892019616
80000329,0.10709191907683598,0.892908080923164,0.9513188259066747
80000330,0.8421572248616467,0.15784277513835332,0.8723698461068878
80000331,0.18951534751674923,0.8104846524832507,0.23874926276497002
80000332,0.8992076348668728,0.10079236513312717,0.6882912771017548
80000333,0.1514756447317042,0.8485243552682958,0.7205074329721077
80000334,0.06344881060684297,0.9365511893931571,0.9227303275207844
80000335,0.18153159715935277,0.8184684028406473,0.3525450151579203
80000336,0.11824868782589107,0.881751312174109,0.4757387362147353
80000337,0.8712469266257392,0.12875307337426078,0.43054589722652387
80000338,0.8320977117361477,0.16790228826385234,0.5102139367264279
80000339,0.8253624046467085,0.17463759535329149,0.3260497500986307
80000340,0.7941001480381025,0.20589985196189753,0.5244900571695819
80000341,0.490850803438607,0.509149196561393,0.07421037802734563
80000342,0.8716293271146729,0.1283706728853271,0.2688816959722662
80000343,0.8458164981099456,0.15418350189005436,0.43692562785010997
80000344,0.7651121788774594,0.23488782112254059,0.4392066846150448
80000345,0.1964526794350685,0.8035473205649315,0.6797330377965057
80000346,0.838571405089224,0.161428594910776,0.8311951271523772
80000347,0.13648657285585203,0.863513427144148,0.18397210185554108
80000348,0.8239586388298019,0.17604136117019809,0.24504316623471237
80000349,0.9230271036868264,0.07697289631317361,0.5282035141046723
80000350,0.1481882674408212,0.8518117325591787,0.6461236952078345
80000351,0.7918888555242676,0.20811114447573242,0.14176339656982
80000352,0.8023459680106378,0.19765403198936216,0.5589610972759401
80000353,0.18715818314366595,0.812841816856334,0.8970098388298674
80000354,0.9043987857242279,0.09560121427577206,0.5334622336088748
80000355,0.9142705262985585,0.08572947370144146,0.7653140626235746
80000356,0.10410028116581352,0.8958997188341865,0.26732866753232615
80000357,0.8302006824509743,0.16979931754902566,0.30705172823479154
80000358,0.10028612768664243,0.8997138723133575,0.2835895060279892
80000359,0.8347165670876435,0.16528343291235648,0.2507470239725355
80000360,0.13214006318407573,0.8678599368159243,0.4263578423348215
80000361,0.1730869119848489,0.8269130880151511,0.44008017504300534
80000362,0.08676490989546039,0.9132350901045396,0.22895371553042132
80000363,0.07327861600443615,0.9267213839955638,0.8548235583550944
80000364,0.5368812715295032,0.46311872847049684,0.030334005611584385
80000365,0.1729488370817517,0.8270511629182483,0.8512388569623115
80000366,0.8846494158621325,0.11535058413786747,0.693113081357205
80000367,0.11588086749731986,0.8841191325026801,0.770653597486711
80000368,0.12431095948318868,0.8756890405168113,0.12735463560297486
80000369,0.7669160081221875,0.23308399187781248,0.7775410831994473
80000370,0.06572758392239338,0.9342724160776066,0.517531160651499
80000371,0.7855522526197778,0.2144477473802222,0.3175386834712597
